customer_id,age,gender,annual_income,purchase_frequency,avg_order_value,total_spent,last_purchase_days_ago,preferred_channel,location,churn
CUST1000,56.0,Female,441126.0,43,761.92,173765.69,348,Store,Ahmedabad,0
CUST1001,46.0,Female,936639.0,20,2355.61,60174.94,171,Store,Chennai,1
CUST1002,32.0,Female,1430617.0,33,3138.84,33345.06,22,App,Hyderabad,0
CUST1003,60.0,Male,1549453.0,26,1222.81,135448.64,107,Online,Ahmedabad,1
CUST1004,25.0,Male,,39,4707.47,8579.17,323,,Jaipur,1
CUST1005,38.0,Other,274982.0,21,232.07,124373.74,227,Online,Pune,0
CUST1006,56.0,Male,1455487.0,49,3907.04,139941.49,216,Online,Surat,0
CUST1007,36.0,Male,1267195.0,42,3200.98,43768.39,69,App,Pune,0
CUST1008,40.0,Male,1883264.0,43,1993.06,9350.85,84,Store,Hyderabad,0
CUST1009,28.0,Female,458623.0,41,442.35,73365.43,103,Store,Kolkata,1
CUST1010,28.0,Female,1700219.0,9,3211.94,20620.25,39,Online,Hyderabad,1
CUST1011,41.0,Other,1349751.0,24,2050.94,24179.09,13,Online,Bangalore,1
CUST1012,53.0,Male,320963.0,37,4694.08,51597.99,297,Online,Surat,1
CUST1013,57.0,Male,1340402.0,49,,59798.12,313,App,Surat,0
CUST1014,41.0,Other,1953919.0,41,4710.33,106464.1,181,App,Mumbai,1
CUST1015,20.0,Male,1017869.0,17,1258.32,135999.99,268,Store,Kolkata,0
CUST1016,39.0,Male,,24,3683.48,118961.42,13,Online,Mumbai,1
CUST1017,19.0,Female,1009414.0,21,3162.8,30523.71,120,Online,Jaipur,0
CUST1018,,Other,1825611.0,39,3749.16,35245.12,353,Online,Delhi,0
CUST1019,61.0,Other,336994.0,41,1230.41,175875.08,57,Online,Delhi,0
CUST1020,47.0,Other,460375.0,39,3391.97,112112.11,40,App,Pune,0
CUST1021,55.0,Other,179301.0,13,2590.59,174117.63,336,Store,Delhi,0
CUST1022,19.0,Female,1421300.0,11,3765.56,74937.76,128,Store,Surat,1
CUST1023,38.0,Female,1712579.0,46,1769.81,123265.6,173,App,Hyderabad,0
CUST1024,50.0,Male,1194327.0,19,,105209.02,35,Online,Kolkata,1
CUST1025,29.0,Male,343783.0,11,604.65,64505.57,259,Store,Pune,1
CUST1026,39.0,Male,1895259.0,13,4074.51,94513.16,5,Store,Pune,0
CUST1027,61.0,Male,168752.0,46,4334.33,100995.68,218,,Kolkata,1
CUST1028,42.0,Female,1165416.0,45,4122.81,40953.42,11,Online,Surat,1
CUST1029,44.0,Other,887565.0,1,2661.09,63687.06,327,Store,Jaipur,1
CUST1030,59.0,Female,818755.0,40,2304.25,158490.54,117,Online,Jaipur,0
CUST1031,45.0,Male,367029.0,44,4982.06,183241.86,184,Store,Pune,0
CUST1032,33.0,Female,1057669.0,19,1300.03,72599.02,362,App,Jaipur,0
CUST1033,32.0,Other,1254849.0,12,2825.0,62087.48,116,Online,Surat,0
CUST1034,64.0,Other,1457079.0,8,3419.24,39844.24,162,App,Bangalore,1
CUST1035,61.0,Female,1814742.0,8,3564.16,136019.74,67,Store,Bangalore,1
CUST1036,20.0,Female,1989903.0,45,1179.32,65296.84,200,App,Mumbai,1
CUST1037,54.0,Female,1318544.0,12,,197562.16,31,App,Chennai,1
CUST1038,24.0,Male,527844.0,48,,65811.28,75,App,Ahmedabad,1
CUST1039,38.0,Female,1799423.0,33,440.09,79433.07,237,Store,Delhi,1
CUST1040,,Female,160699.0,45,4575.3,121063.51,327,,Jaipur,0
CUST1041,56.0,Female,1394709.0,26,341.62,160535.17,66,App,Bangalore,1
CUST1042,35.0,Other,684003.0,39,1908.66,94434.21,70,Online,Hyderabad,1
CUST1043,21.0,Other,1217745.0,28,275.9,85108.55,297,,Kolkata,1
CUST1044,42.0,Male,668652.0,5,570.3,199131.93,20,Online,Chennai,0
CUST1045,31.0,Male,268413.0,8,4573.61,3088.23,226,App,Mumbai,1
CUST1046,26.0,Other,1842128.0,25,1903.33,179117.99,199,App,Ahmedabad,1
CUST1047,43.0,Other,1466502.0,27,2238.9,30679.02,39,App,Bangalore,0
CUST1048,19.0,Other,1942113.0,46,1233.65,157399.13,145,App,Mumbai,1
CUST1049,37.0,Female,1721564.0,23,3066.06,123968.38,45,App,Chennai,0
CUST1050,45.0,Female,1323057.0,30,3055.06,69027.61,326,App,Kolkata,0
CUST1051,64.0,Other,365400.0,45,1986.56,174901.12,91,Store,Delhi,1
CUST1052,24.0,Female,1182532.0,47,1798.57,3568.54,238,Store,Bangalore,1
CUST1053,61.0,Female,709873.0,23,4447.83,46111.44,70,Store,Kolkata,0
CUST1054,25.0,Male,1377512.0,49,2039.76,113811.67,166,Online,Ahmedabad,1
CUST1055,64.0,Other,542136.0,47,2568.8,70956.91,130,Online,Jaipur,1
CUST1056,52.0,Other,1646906.0,20,1559.86,122465.12,214,,Chennai,0
CUST1057,31.0,Female,539954.0,18,3976.49,5797.93,340,Online,Ahmedabad,0
CUST1058,34.0,Other,188067.0,18,2107.75,24175.33,89,Online,Delhi,1
CUST1059,53.0,Male,1896621.0,2,2665.33,26292.15,335,App,Kolkata,0
CUST1060,57.0,Male,1976198.0,4,1416.11,38667.45,252,App,Surat,1
CUST1061,21.0,Male,168073.0,30,4940.77,92406.96,349,Online,Delhi,1
CUST1062,19.0,Other,186035.0,33,1599.18,150673.61,72,Online,Pune,1
CUST1063,,Other,1394625.0,36,3899.56,181202.23,165,Store,Bangalore,1
CUST1064,59.0,Other,383782.0,18,2251.98,167239.13,49,Online,Jaipur,0
CUST1065,21.0,Other,764661.0,37,1189.84,40180.69,52,App,Chennai,1
CUST1066,46.0,Other,764805.0,19,4038.65,88788.96,289,Online,Hyderabad,0
CUST1067,35.0,Male,1788314.0,47,1801.31,40682.91,278,Store,Kolkata,1
CUST1068,43.0,Female,1733246.0,28,4352.93,53629.89,114,App,Surat,1
CUST1069,61.0,Male,876331.0,40,4593.23,101205.85,239,App,Hyderabad,0
CUST1070,51.0,Other,1656404.0,20,4327.15,14553.7,133,App,Bangalore,1
CUST1071,27.0,Male,1944291.0,49,,44416.69,274,App,Bangalore,0
CUST1072,53.0,Other,,33,3979.39,187140.25,166,Online,Chennai,0
CUST1073,31.0,Other,907771.0,12,2174.43,93757.14,293,Store,Surat,1
CUST1074,,Male,1951454.0,15,4393.87,89631.92,243,Online,Bangalore,1
CUST1075,,Other,1035296.0,41,3262.18,3898.86,320,Online,Hyderabad,1
CUST1076,25.0,Female,817689.0,39,4201.49,50232.55,138,App,Surat,1
CUST1077,31.0,Other,930965.0,2,2597.27,173392.19,79,Store,Hyderabad,0
CUST1078,40.0,Female,437313.0,29,2768.12,33761.06,170,App,Delhi,1
CUST1079,57.0,Female,237468.0,41,893.06,83609.86,123,Online,Ahmedabad,1
CUST1080,38.0,Other,1233170.0,10,3963.14,3851.85,176,Online,Surat,1
CUST1081,33.0,Male,341703.0,2,2213.07,96188.76,300,App,Mumbai,1
CUST1082,62.0,Female,1243609.0,11,2600.38,5183.2,82,Online,Ahmedabad,1
CUST1083,35.0,Male,1785997.0,13,3968.47,164102.3,87,Online,Ahmedabad,0
CUST1084,64.0,Female,1140669.0,10,3074.46,165145.9,225,App,Surat,1
CUST1085,41.0,Other,1272437.0,14,1165.27,157760.7,16,Online,Jaipur,0
CUST1086,43.0,Other,857650.0,18,3033.12,57389.45,310,Store,Bangalore,1
CUST1087,42.0,Female,,9,2156.64,167610.21,358,App,Delhi,1
CUST1088,62.0,Other,,39,2453.72,109056.63,163,Store,Jaipur,1
CUST1089,58.0,Female,1665592.0,28,335.89,75387.81,98,Online,Jaipur,0
CUST1090,46.0,Other,1276798.0,3,1208.14,125440.66,156,Online,Mumbai,1
CUST1091,32.0,Male,786308.0,20,1548.98,3455.87,2,App,Kolkata,0
CUST1092,62.0,Other,943153.0,6,3622.21,29449.21,350,Online,Surat,0
CUST1093,18.0,Male,694897.0,27,255.16,148716.41,169,App,Hyderabad,1
CUST1094,42.0,Other,1853377.0,2,2162.13,49588.16,315,App,Bangalore,0
CUST1095,24.0,Male,,29,4635.33,120003.81,325,App,Jaipur,1
CUST1096,26.0,Other,254211.0,38,737.03,77635.42,92,App,Delhi,1
CUST1097,41.0,Male,1384897.0,3,2678.84,171106.35,181,App,Kolkata,0
CUST1098,18.0,Female,1640687.0,16,,190530.65,231,Store,Mumbai,1
CUST1099,61.0,Female,637689.0,30,4724.15,176829.38,301,App,Pune,1
CUST1100,25.0,Male,1073160.0,40,3784.53,54853.38,148,,Bangalore,0
CUST1101,41.0,Other,1010952.0,2,3658.71,39638.41,280,Online,Pune,0
CUST1102,28.0,Male,1655532.0,17,4167.14,95412.54,189,App,Ahmedabad,0
CUST1103,34.0,Other,1000741.0,41,2341.77,2459.5,347,Online,Jaipur,0
CUST1104,25.0,Female,1228560.0,12,4068.05,6136.07,350,App,Chennai,0
CUST1105,52.0,Other,1841811.0,35,238.23,111104.84,314,Store,Bangalore,0
CUST1106,52.0,Female,1927758.0,43,4637.89,104569.43,128,Store,Hyderabad,1
CUST1107,50.0,Other,1204477.0,1,2327.87,198921.82,7,Store,Kolkata,0
CUST1108,22.0,Other,312624.0,45,2856.22,41166.53,47,Online,Delhi,0
CUST1109,59.0,Other,1420893.0,15,1423.43,52362.68,53,App,Bangalore,1
CUST1110,56.0,Male,1491775.0,26,3764.15,23594.59,187,Online,Hyderabad,1
CUST1111,58.0,Male,843045.0,37,567.85,183591.06,38,Store,Surat,0
CUST1112,45.0,Female,1141469.0,21,4388.65,155784.44,226,Online,Pune,0
CUST1113,24.0,Female,295788.0,49,4174.96,164645.48,53,Store,Surat,1
CUST1114,26.0,Male,788387.0,31,1237.09,180649.99,224,Store,Kolkata,0
CUST1115,25.0,Female,685426.0,25,,105455.1,154,Store,Mumbai,0
CUST1116,29.0,Male,840658.0,23,3974.52,90787.45,48,App,Jaipur,1
CUST1117,51.0,Other,1118616.0,24,3234.64,66747.9,351,App,Bangalore,0
CUST1118,50.0,Female,173429.0,38,1992.9,118253.71,147,Store,Chennai,1
CUST1119,40.0,Female,1773064.0,28,1503.19,91401.4,64,Online,Pune,0
CUST1120,41.0,Male,1400956.0,21,1312.56,90861.55,349,Online,Pune,1
CUST1121,54.0,Female,1640036.0,43,1729.32,187448.64,182,,Bangalore,1
CUST1122,,Female,922577.0,18,4537.08,196822.27,125,Store,Ahmedabad,1
CUST1123,61.0,Other,1443703.0,36,,159500.39,179,Online,Surat,0
CUST1124,57.0,Female,1037700.0,35,4178.58,151594.86,39,Store,Pune,1
CUST1125,39.0,Other,1959377.0,45,1874.67,136431.07,260,Online,Hyderabad,0
CUST1126,44.0,Male,1215923.0,9,2703.68,34048.9,3,App,Delhi,1
CUST1127,52.0,Female,1870856.0,38,4013.53,12762.06,64,Store,Jaipur,1
CUST1128,18.0,Other,706110.0,30,4445.01,138454.54,29,Store,Pune,1
CUST1129,52.0,Male,1114163.0,44,1854.95,146028.46,11,Online,Hyderabad,0
CUST1130,54.0,Female,1762972.0,34,2416.85,10347.63,97,Online,Kolkata,0
CUST1131,64.0,Male,1065387.0,32,2189.68,185682.3,358,Online,Kolkata,1
CUST1132,31.0,Female,1680891.0,3,,19136.99,203,Store,Jaipur,0
CUST1133,20.0,Male,157967.0,3,1620.53,57894.21,21,App,Ahmedabad,0
CUST1134,18.0,Male,1734735.0,28,2404.11,134805.57,39,App,Chennai,0
CUST1135,22.0,Other,375371.0,44,2173.25,34804.65,223,Online,Jaipur,1
CUST1136,43.0,Male,,15,3665.26,12027.76,102,App,Mumbai,0
CUST1137,31.0,Female,,41,2047.06,66898.15,46,Online,Ahmedabad,1
CUST1138,,Female,1363261.0,23,2549.01,153428.34,66,App,Pune,1
CUST1139,44.0,Other,702467.0,40,2262.12,83322.06,91,,Jaipur,1
CUST1140,26.0,Female,401537.0,11,3755.01,130941.61,164,Online,Surat,0
CUST1141,32.0,Female,1906124.0,48,4342.27,116344.2,111,App,Kolkata,1
CUST1142,32.0,Female,991531.0,32,2753.07,5421.48,338,Store,Hyderabad,0
CUST1143,43.0,Male,1758126.0,36,3989.27,197719.46,123,App,Jaipur,0
CUST1144,59.0,Male,1014645.0,33,1624.58,9244.19,193,Store,Surat,1
CUST1145,30.0,Female,1578127.0,24,2798.57,193592.74,99,Store,Ahmedabad,1
CUST1146,49.0,Other,1085772.0,39,1857.1,110422.97,291,App,Mumbai,1
CUST1147,,Male,621082.0,34,2188.16,192668.65,159,App,Hyderabad,0
CUST1148,49.0,Other,210545.0,28,3715.59,23835.97,103,Store,Delhi,0
CUST1149,21.0,Female,1433131.0,37,4431.98,98591.3,281,Store,Mumbai,1
CUST1150,47.0,Female,373894.0,7,783.18,34731.31,43,Store,Pune,1
CUST1151,54.0,Male,877506.0,4,3246.27,11144.0,84,Online,Surat,0
CUST1152,40.0,Female,1139470.0,37,2994.29,123888.29,191,Store,Jaipur,0
CUST1153,56.0,Male,1500642.0,1,768.39,42348.9,51,Online,Jaipur,1
CUST1154,62.0,Female,1765777.0,1,1217.09,117951.71,210,Store,Bangalore,0
CUST1155,32.0,Female,1557753.0,47,1692.81,23360.53,126,Online,Kolkata,0
CUST1156,60.0,Male,1565512.0,20,1001.27,67065.31,69,Store,Pune,0
CUST1157,46.0,Male,400497.0,19,1369.9,156544.88,265,Store,Surat,0
CUST1158,53.0,Male,1123181.0,29,1484.48,87973.25,258,Store,Jaipur,0
CUST1159,30.0,Female,,10,1811.23,125921.34,188,App,Delhi,0
CUST1160,49.0,Female,1641633.0,18,3797.07,129844.13,230,App,Hyderabad,1
CUST1161,24.0,Other,851692.0,28,2945.18,168907.25,189,Store,Pune,0
CUST1162,,Male,1683854.0,35,4933.98,65659.64,10,Online,Ahmedabad,1
CUST1163,45.0,Female,1056295.0,43,2190.73,137771.82,114,Online,Delhi,1
CUST1164,19.0,Female,1354680.0,47,3818.55,192361.55,76,Store,Hyderabad,0
CUST1165,59.0,Male,843206.0,31,4383.05,146318.42,164,App,Chennai,1
CUST1166,62.0,Other,1913410.0,27,3459.1,98484.22,85,Online,Kolkata,1
CUST1167,23.0,Male,1243512.0,11,2176.95,126512.77,49,App,Pune,1
CUST1168,45.0,Other,835154.0,49,3817.25,148196.9,326,Online,Surat,0
CUST1169,45.0,Female,1915524.0,49,1177.6,122842.88,177,,Mumbai,1
CUST1170,61.0,Other,1400632.0,38,,4318.49,218,App,Hyderabad,0
CUST1171,61.0,Female,375469.0,5,2824.09,39759.93,189,Online,Ahmedabad,1
CUST1172,37.0,Male,1226717.0,8,2961.97,162283.18,346,Store,Jaipur,1
CUST1173,47.0,Male,287478.0,34,306.28,55257.48,230,Store,Mumbai,1
CUST1174,28.0,Male,1295935.0,48,4736.55,146580.86,255,Store,Delhi,1
CUST1175,45.0,Other,1059711.0,12,3543.81,75051.92,236,App,Kolkata,0
CUST1176,42.0,Female,1352939.0,38,2579.38,104854.98,26,App,Surat,1
CUST1177,56.0,Male,1764432.0,1,4679.01,14526.69,72,Store,Mumbai,1
CUST1178,50.0,Male,771827.0,31,2307.66,37063.89,261,App,Ahmedabad,0
CUST1179,18.0,Female,1769715.0,4,4906.09,191482.2,254,Online,Hyderabad,0
CUST1180,44.0,Male,643158.0,49,2658.97,178137.47,271,Store,Surat,0
CUST1181,30.0,Female,1777687.0,45,748.57,130802.75,123,Store,Chennai,1
CUST1182,58.0,Female,173312.0,5,3871.04,92469.27,144,App,Jaipur,0
CUST1183,20.0,Female,1110612.0,30,3458.71,135476.5,257,Store,Kolkata,0
CUST1184,56.0,Female,577387.0,24,3910.34,124103.45,144,Online,Mumbai,0
CUST1185,23.0,Female,584995.0,3,4766.92,114141.9,259,App,Kolkata,0
CUST1186,25.0,Other,,11,3927.15,12776.24,47,App,Kolkata,0
CUST1187,44.0,Male,1699107.0,45,3134.42,126927.72,351,Store,Kolkata,0
CUST1188,26.0,Other,948843.0,4,4315.08,154015.09,13,Store,Hyderabad,1
CUST1189,54.0,Male,1694613.0,26,3431.58,198822.25,208,Store,Kolkata,0
CUST1190,,Other,1447638.0,27,2158.97,3204.63,311,App,Chennai,1
CUST1191,59.0,Female,,46,4450.97,146304.52,235,Store,Delhi,0
CUST1192,61.0,Male,1607214.0,43,1265.12,114786.07,149,Online,Ahmedabad,0
CUST1193,41.0,Male,585684.0,27,3630.28,87376.38,322,Store,Surat,0
CUST1194,32.0,Other,1755235.0,42,4431.5,26386.46,155,Store,Chennai,1
CUST1195,49.0,Other,207022.0,6,3710.32,82407.94,166,App,Surat,0
CUST1196,49.0,Male,483373.0,15,3546.92,71521.06,90,Store,Ahmedabad,0
CUST1197,41.0,Other,1297647.0,30,3812.66,61263.15,186,App,Delhi,0
CUST1198,58.0,Other,1380844.0,42,2432.27,146445.05,318,Store,Pune,0
CUST1199,29.0,Other,1147858.0,37,4396.02,140444.38,358,Online,Surat,1
CUST1200,56.0,Female,508918.0,37,1176.5,118215.0,174,Online,Surat,1
CUST1201,19.0,Female,639626.0,42,811.45,187794.3,217,App,Delhi,1
CUST1202,20.0,Other,438859.0,37,1570.44,70621.02,264,App,Mumbai,1
CUST1203,54.0,Other,964037.0,35,2751.57,49516.59,97,Store,Chennai,1
CUST1204,34.0,Female,1822717.0,23,,131524.76,117,Store,Mumbai,0
CUST1205,19.0,Female,705462.0,6,4138.87,40564.0,199,,Mumbai,0
CUST1206,19.0,Male,1077460.0,4,2141.93,63687.09,320,Store,Mumbai,0
CUST1207,45.0,Male,1696236.0,18,2524.85,45695.89,21,Online,Kolkata,1
CUST1208,40.0,Female,1274949.0,9,,14761.56,200,App,Jaipur,0
CUST1209,,Other,1391597.0,49,2166.75,165672.25,341,Store,Surat,1
CUST1210,49.0,Other,,29,3309.32,51653.57,248,App,Mumbai,0
CUST1211,50.0,Other,744305.0,13,274.44,95132.47,276,Store,Chennai,1
CUST1212,,Other,213037.0,47,1548.23,9619.74,264,Online,Jaipur,0
CUST1213,36.0,Male,1812682.0,17,1198.19,140168.55,58,App,Jaipur,0
CUST1214,19.0,Female,680836.0,45,401.53,66781.64,302,App,Mumbai,0
CUST1215,61.0,Other,791269.0,32,2500.45,149202.61,31,Store,Hyderabad,0
CUST1216,43.0,Male,1432789.0,48,1072.27,83068.21,249,App,Mumbai,1
CUST1217,49.0,Other,,22,3766.79,39955.37,93,Online,Hyderabad,0
CUST1218,23.0,Female,652420.0,4,4270.05,103121.84,265,App,Mumbai,0
CUST1219,49.0,Male,304249.0,5,2818.81,26970.41,271,App,Chennai,0
CUST1220,21.0,Female,1484742.0,37,4912.2,88667.29,94,Store,Hyderabad,1
CUST1221,28.0,Female,1829161.0,41,2362.3,64143.79,154,App,Kolkata,0
CUST1222,34.0,Male,1188199.0,49,2664.17,182479.96,285,Store,Jaipur,0
CUST1223,55.0,Male,810902.0,13,4948.25,13124.82,80,Store,Mumbai,0
CUST1224,,Male,1420660.0,34,,139109.47,292,App,Jaipur,0
CUST1225,22.0,Male,1688112.0,45,4724.22,37367.48,84,Online,Mumbai,0
CUST1226,51.0,Male,1259004.0,22,405.62,64489.97,37,Store,Surat,1
CUST1227,23.0,Male,1876676.0,23,2342.66,83687.3,342,App,Surat,1
CUST1228,39.0,Male,1520073.0,3,,181695.0,327,Store,Bangalore,1
CUST1229,28.0,Other,1835996.0,42,3700.33,49273.07,232,,Mumbai,0
CUST1230,33.0,Female,1386180.0,34,3120.36,19170.45,93,Online,Bangalore,1
CUST1231,50.0,Male,690340.0,32,3591.84,64419.23,336,Store,Delhi,0
CUST1232,26.0,Other,1299265.0,45,,21830.52,102,Online,Delhi,0
CUST1233,23.0,Other,852436.0,49,1973.51,26590.7,166,App,Jaipur,0
CUST1234,33.0,Other,596636.0,21,417.53,115196.27,159,App,Hyderabad,0
CUST1235,46.0,Female,806031.0,46,1879.74,13119.48,14,Store,Mumbai,1
CUST1236,20.0,Male,412307.0,44,4660.58,7155.25,225,,Ahmedabad,1
CUST1237,,Other,1502144.0,21,,143168.41,73,App,Mumbai,1
CUST1238,53.0,Female,1701330.0,44,4190.56,72967.77,249,App,Mumbai,0
CUST1239,36.0,Female,1121248.0,11,4243.16,25949.69,91,App,Ahmedabad,1
CUST1240,43.0,Female,613547.0,39,1991.56,51468.94,216,Store,Delhi,1
CUST1241,20.0,Other,553850.0,4,3233.55,128775.21,90,Store,Bangalore,0
CUST1242,36.0,Male,1334446.0,1,657.78,55831.78,29,App,Jaipur,1
CUST1243,37.0,Other,1483140.0,28,697.66,99409.7,305,App,Delhi,0
CUST1244,49.0,Other,660259.0,24,433.56,25217.37,220,,Ahmedabad,1
CUST1245,24.0,Male,1843439.0,35,2988.87,118030.63,328,Online,Mumbai,1
CUST1246,58.0,Male,,13,2245.14,63899.46,215,,Delhi,1
CUST1247,50.0,Male,1490020.0,47,2830.56,125766.72,221,Store,Chennai,0
CUST1248,57.0,Female,1209325.0,34,2701.15,161870.58,42,App,Surat,1
CUST1249,56.0,Male,778419.0,11,1880.97,122717.64,135,Store,Mumbai,1
CUST1250,35.0,Other,1879057.0,36,3451.87,59853.76,42,App,Pune,1
CUST1251,57.0,Male,1498207.0,17,3840.81,51893.0,164,Online,Ahmedabad,1
CUST1252,18.0,Other,375019.0,35,270.22,66156.77,361,Online,Kolkata,0
CUST1253,28.0,Female,1625153.0,18,1194.76,33759.48,283,Online,Hyderabad,0
CUST1254,45.0,Other,747218.0,40,3623.53,37053.2,58,Online,Kolkata,1
CUST1255,42.0,Other,1867992.0,22,2055.78,158347.53,302,App,Delhi,1
CUST1256,40.0,Male,1489100.0,24,,77561.78,322,Online,Mumbai,1
CUST1257,48.0,Male,967052.0,19,1865.42,87763.04,25,App,Hyderabad,0
CUST1258,47.0,Other,,37,2075.62,119215.84,73,App,Hyderabad,1
CUST1259,59.0,Male,1647108.0,39,961.66,118341.05,129,Store,Jaipur,1
CUST1260,52.0,Female,869401.0,21,1439.51,14408.0,87,,Kolkata,0
CUST1261,24.0,Female,1578080.0,8,3105.98,166476.62,330,Online,Mumbai,0
CUST1262,33.0,Male,1251928.0,28,2279.18,36287.98,153,Store,Jaipur,0
CUST1263,43.0,Female,574127.0,5,3916.65,144891.26,182,App,Bangalore,1
CUST1264,19.0,Male,1362432.0,17,4292.41,154761.53,125,Online,Kolkata,0
CUST1265,18.0,Other,153191.0,37,2799.9,143265.01,67,App,Surat,0
CUST1266,29.0,Other,778864.0,36,3839.68,116216.55,6,,Surat,1
CUST1267,22.0,Female,1394289.0,19,,3907.19,125,App,Jaipur,0
CUST1268,54.0,Male,592939.0,27,,72714.72,314,Online,Bangalore,1
CUST1269,49.0,Male,,34,3621.33,121363.05,326,App,Chennai,1
CUST1270,26.0,Female,1335820.0,11,2053.82,78102.81,53,App,Chennai,0
CUST1271,58.0,Other,454224.0,45,3024.82,172832.5,66,,Surat,1
CUST1272,52.0,Female,370169.0,47,1089.79,62451.65,314,Online,Pune,0
CUST1273,36.0,Other,764641.0,12,3078.9,59413.42,82,App,Ahmedabad,0
CUST1274,33.0,Male,1612073.0,21,4335.27,53933.54,87,App,Ahmedabad,0
CUST1275,20.0,Other,702959.0,11,4369.47,67223.39,2,Store,Pune,1
CUST1276,37.0,Female,1845675.0,39,3676.85,111923.59,204,,Jaipur,0
CUST1277,41.0,Male,1905367.0,28,3779.62,141696.04,150,App,Ahmedabad,1
CUST1278,50.0,Female,371972.0,5,2878.05,132851.02,293,Online,Ahmedabad,1
CUST1279,41.0,Female,1976075.0,17,3006.41,161735.85,103,Store,Kolkata,1
CUST1280,28.0,Other,1588454.0,20,841.52,177296.89,24,App,Kolkata,0
CUST1281,25.0,Female,898321.0,41,2330.52,163399.73,212,App,Pune,1
CUST1282,53.0,Other,658679.0,46,2363.73,4770.14,65,App,Mumbai,1
CUST1283,55.0,Male,571818.0,12,,147447.67,209,Online,Bangalore,0
CUST1284,57.0,Other,1942725.0,6,2269.22,42471.52,251,Store,Jaipur,0
CUST1285,37.0,Male,1877408.0,17,2836.84,27452.68,117,Online,Kolkata,1
CUST1286,,Other,854590.0,19,2759.61,128059.27,116,App,Kolkata,1
CUST1287,42.0,Female,1141120.0,26,3256.46,64628.9,237,Store,Chennai,0
CUST1288,52.0,Other,1205675.0,48,3791.52,12366.32,105,App,Bangalore,1
CUST1289,42.0,Other,1972550.0,44,1280.2,28388.32,259,App,Chennai,1
CUST1290,46.0,Male,1617223.0,44,2737.88,1184.95,46,Online,Mumbai,1
CUST1291,35.0,Female,,32,,180741.5,311,App,Bangalore,1
CUST1292,63.0,Other,1295298.0,6,2422.95,5898.98,331,Store,Ahmedabad,0
CUST1293,35.0,Female,1115188.0,36,1536.6,42681.7,216,App,Chennai,1
CUST1294,19.0,Other,704399.0,38,3342.6,83836.29,301,App,Surat,0
CUST1295,52.0,Other,213936.0,11,4154.08,71957.69,333,Online,Jaipur,1
CUST1296,33.0,Female,1876550.0,33,503.07,182433.45,24,,Ahmedabad,0
CUST1297,58.0,Other,373332.0,24,3928.59,9017.5,35,Online,Bangalore,1
CUST1298,53.0,Female,,23,,102930.73,24,App,Surat,0
CUST1299,50.0,Other,1971895.0,15,2415.31,136415.41,28,,Mumbai,1
CUST1300,,Male,1521640.0,27,4919.87,186407.9,16,Online,Surat,0
CUST1301,50.0,Female,637510.0,11,3976.2,124453.88,59,Online,Kolkata,1
CUST1302,31.0,Other,213530.0,17,3913.58,160947.29,243,Online,Pune,1
CUST1303,38.0,Other,1628016.0,14,3789.63,17661.26,207,App,Surat,0
CUST1304,37.0,Male,1468508.0,27,922.92,77801.96,271,App,Hyderabad,0
CUST1305,25.0,Female,1750946.0,18,1242.71,75415.48,249,Store,Mumbai,0
CUST1306,24.0,Other,1812434.0,28,2427.15,177371.36,267,Online,Ahmedabad,0
CUST1307,20.0,Male,1823879.0,47,1467.22,31122.86,193,Online,Chennai,0
CUST1308,34.0,Other,1930752.0,47,2193.16,31225.35,335,Store,Delhi,1
CUST1309,,Female,1346179.0,4,,66383.07,218,Online,Mumbai,0
CUST1310,29.0,Other,1024772.0,7,4156.77,11838.74,115,Store,Hyderabad,0
CUST1311,39.0,Other,1817303.0,45,3224.19,37309.15,68,App,Kolkata,1
CUST1312,39.0,Other,1112361.0,35,4318.98,193076.72,299,Store,Chennai,0
CUST1313,63.0,Other,291214.0,48,3962.11,86208.6,325,Online,Jaipur,0
CUST1314,47.0,Male,789341.0,9,2259.13,126771.82,75,,Delhi,0
CUST1315,55.0,Male,1771219.0,8,1165.11,145496.14,103,App,Surat,1
CUST1316,55.0,Female,553082.0,45,2668.16,74025.32,297,Online,Hyderabad,0
CUST1317,62.0,Male,,17,3733.9,30298.19,178,App,Surat,1
CUST1318,25.0,Male,1178494.0,17,,42109.62,215,App,Jaipur,1
CUST1319,44.0,Female,1957570.0,49,3400.51,63340.03,315,Store,Mumbai,0
CUST1320,44.0,Male,1171318.0,33,652.77,127577.62,39,App,Pune,1
CUST1321,51.0,Male,799714.0,32,3790.42,80257.83,259,Online,Hyderabad,0
CUST1322,38.0,Female,738315.0,8,,2356.12,204,App,Bangalore,0
CUST1323,47.0,Female,1649698.0,19,3592.82,105158.03,7,App,Ahmedabad,0
CUST1324,50.0,Female,1357786.0,38,4842.87,184381.16,49,Store,Bangalore,0
CUST1325,45.0,Other,,3,4167.93,162603.44,26,App,Pune,0
CUST1326,64.0,Other,1228532.0,5,4534.85,165217.06,161,Store,Jaipur,1
CUST1327,50.0,Female,1436916.0,13,4681.14,159216.55,357,Store,Bangalore,1
CUST1328,22.0,Female,779085.0,47,4046.47,65422.43,176,Online,Kolkata,1
CUST1329,36.0,Female,1062735.0,46,3436.44,153273.57,79,Online,Hyderabad,1
CUST1330,21.0,Other,1668087.0,31,227.45,29489.11,2,Online,Kolkata,0
CUST1331,52.0,Other,1859375.0,16,2435.96,131885.51,132,Online,Delhi,0
CUST1332,34.0,Male,571486.0,32,2941.58,128672.14,276,Store,Pune,1
CUST1333,61.0,Male,753103.0,22,1659.35,6088.39,117,App,Delhi,0
CUST1334,45.0,Female,189279.0,29,1726.9,157806.06,164,Online,Delhi,1
CUST1335,47.0,Other,521931.0,22,4813.57,180746.37,288,Online,Delhi,1
CUST1336,,Other,298702.0,43,4480.21,54215.64,28,Online,Mumbai,1
CUST1337,,Other,1259639.0,3,4276.06,162665.75,333,App,Mumbai,1
CUST1338,23.0,Female,923887.0,10,2148.86,17398.79,1,Online,Pune,0
CUST1339,52.0,Male,1452887.0,42,265.75,120393.6,188,App,Chennai,0
CUST1340,58.0,Female,,21,585.07,97643.73,56,Store,Bangalore,1
CUST1341,54.0,Male,1889080.0,16,1698.54,109638.78,35,Store,Mumbai,1
CUST1342,41.0,Male,595377.0,12,275.57,185314.84,112,Store,Surat,1
CUST1343,,Female,1688510.0,2,282.32,174391.73,286,App,Kolkata,1
CUST1344,63.0,Male,669089.0,41,4599.7,157231.65,310,Online,Mumbai,1
CUST1345,48.0,Male,896434.0,24,3589.56,55465.99,36,Online,Jaipur,0
CUST1346,52.0,Other,1407008.0,35,1682.99,182451.91,217,Online,Delhi,1
CUST1347,50.0,Male,332051.0,30,836.69,20404.03,80,Online,Mumbai,1
CUST1348,38.0,Female,1296237.0,30,2655.85,170812.51,314,Online,Pune,0
CUST1349,49.0,Female,1093693.0,47,225.66,66303.85,83,App,Kolkata,0
CUST1350,40.0,Male,1896536.0,35,4704.39,11700.69,65,Store,Kolkata,0
CUST1351,50.0,Other,1651352.0,19,2191.11,134202.04,325,Online,Chennai,0
CUST1352,20.0,Other,1669832.0,8,2131.21,47024.71,128,Store,Ahmedabad,0
CUST1353,,Male,273257.0,26,2074.85,49470.65,307,App,Ahmedabad,0
CUST1354,42.0,Male,1129062.0,49,532.78,61903.39,22,App,Bangalore,0
CUST1355,59.0,Female,1467630.0,40,3263.95,13673.27,216,Online,Surat,0
CUST1356,48.0,Male,1125217.0,7,3718.42,36248.3,107,App,Hyderabad,0
CUST1357,20.0,Other,1757828.0,30,,2022.79,109,Store,Pune,1
CUST1358,57.0,Male,1153171.0,7,864.49,89636.49,357,Online,Jaipur,0
CUST1359,63.0,Female,1617019.0,3,2978.43,17766.82,181,Online,Mumbai,1
CUST1360,41.0,Female,1073482.0,1,2933.53,136847.87,356,Store,Pune,1
CUST1361,49.0,Female,953585.0,36,4368.37,47888.95,164,Online,Surat,1
CUST1362,,Female,1520485.0,25,,188771.25,68,Online,Ahmedabad,1
CUST1363,39.0,Female,904444.0,37,1983.13,174379.07,292,Store,Pune,1
CUST1364,40.0,Male,1831076.0,1,3168.93,58598.74,180,Online,Mumbai,1
CUST1365,,Male,1761935.0,15,3238.75,156859.88,181,Online,Chennai,1
CUST1366,44.0,Male,262990.0,37,2452.57,160845.74,169,Store,Bangalore,1
CUST1367,59.0,Male,1268095.0,13,2326.68,197326.06,22,App,Chennai,0
CUST1368,19.0,Female,,40,2571.91,119970.16,66,Store,Ahmedabad,1
CUST1369,43.0,Other,1390351.0,8,4333.02,17311.18,21,Online,Delhi,1
CUST1370,34.0,Male,1131883.0,5,2413.6,129720.61,100,,Ahmedabad,1
CUST1371,,Other,1818321.0,9,4711.67,125370.97,300,Online,Bangalore,1
CUST1372,50.0,Male,863226.0,1,2619.22,128031.76,103,Online,Mumbai,0
CUST1373,26.0,Male,1346553.0,36,4756.16,62121.98,47,Store,Surat,1
CUST1374,60.0,Other,1768702.0,35,4197.59,172076.24,39,Online,Hyderabad,0
CUST1375,56.0,Female,1650071.0,2,1939.67,191934.96,285,App,Chennai,0
CUST1376,46.0,Male,1812353.0,40,4345.48,44324.79,310,Online,Ahmedabad,1
CUST1377,59.0,Male,176806.0,23,728.3,18542.28,90,Store,Surat,1
CUST1378,43.0,Male,1374648.0,9,4640.23,39712.47,85,App,Chennai,0
CUST1379,52.0,Other,565384.0,34,3231.89,164289.88,273,App,Ahmedabad,1
CUST1380,42.0,Female,220119.0,46,461.08,135652.28,336,Online,Bangalore,1
CUST1381,41.0,Other,1383741.0,14,3292.43,127573.42,188,Store,Chennai,0
CUST1382,30.0,Other,779720.0,4,,80956.83,159,Online,Ahmedabad,0
CUST1383,24.0,Female,,30,535.04,115987.77,243,Online,Mumbai,1
CUST1384,53.0,Other,1029381.0,31,2862.5,62266.95,73,,Bangalore,1
CUST1385,62.0,Female,1669603.0,38,3789.41,95962.82,49,,Surat,1
CUST1386,37.0,Male,557507.0,11,4089.24,158819.54,101,Online,Surat,0
CUST1387,18.0,Female,1900740.0,35,2186.37,196267.08,2,App,Hyderabad,1
CUST1388,25.0,Male,1013403.0,8,1180.0,186565.3,244,Online,Pune,0
CUST1389,63.0,Other,1029903.0,3,403.24,186839.32,176,App,Delhi,0
CUST1390,33.0,Other,1035421.0,14,2982.69,81042.52,238,Online,Mumbai,1
CUST1391,31.0,Male,234080.0,13,2373.97,94289.19,59,Store,Bangalore,0
CUST1392,29.0,Other,1451367.0,45,4753.97,141421.44,353,App,Chennai,1
CUST1393,40.0,Female,1128836.0,32,490.9,184516.19,99,Store,Surat,1
CUST1394,32.0,Male,1276370.0,34,3489.9,29256.86,359,,Mumbai,0
CUST1395,45.0,Other,442985.0,45,319.84,61544.13,2,Store,Bangalore,1
CUST1396,51.0,Male,274447.0,19,1022.88,28710.12,243,Store,Bangalore,0
CUST1397,19.0,Female,270029.0,38,2377.18,122789.7,297,Store,Chennai,0
CUST1398,49.0,Female,329830.0,16,2383.39,61953.9,211,Online,Bangalore,1
CUST1399,40.0,Other,1706518.0,2,3491.36,65895.46,123,App,Jaipur,1
CUST1400,39.0,Female,1536992.0,40,4569.02,15112.28,229,Online,Mumbai,1
CUST1401,42.0,Male,711931.0,17,3267.35,70609.42,82,Online,Ahmedabad,1
CUST1402,39.0,Female,456094.0,34,4776.97,172636.8,144,Online,Surat,0
CUST1403,39.0,Male,1386497.0,42,4431.76,47381.49,140,Store,Surat,0
CUST1404,59.0,Male,1561220.0,16,3005.6,139342.31,29,Online,Ahmedabad,0
CUST1405,23.0,Female,833404.0,38,4202.2,126296.04,270,App,Mumbai,1
CUST1406,32.0,Other,1697261.0,2,3284.37,172833.44,247,Online,Delhi,0
CUST1407,60.0,Female,537732.0,2,577.08,27325.3,12,Store,Mumbai,0
CUST1408,54.0,Male,1738861.0,26,3754.71,195540.4,355,App,Kolkata,1
CUST1409,50.0,Male,1016183.0,13,655.56,116943.1,337,App,Bangalore,1
CUST1410,25.0,Female,772893.0,47,3051.6,199099.36,106,App,Pune,1
CUST1411,61.0,Other,991965.0,31,3572.67,182391.43,32,App,Chennai,0
CUST1412,61.0,Other,494710.0,34,519.33,45081.94,74,Online,Jaipur,1
CUST1413,22.0,Male,1948806.0,39,1307.81,12176.24,171,Store,Pune,0
CUST1414,56.0,Male,1868507.0,3,4595.23,51872.18,337,App,Ahmedabad,0
CUST1415,21.0,Other,782543.0,8,3158.31,105985.17,69,App,Chennai,0
CUST1416,23.0,Female,934586.0,23,1382.17,35147.68,301,Store,Chennai,0
CUST1417,62.0,Male,1161967.0,14,3515.26,34324.49,362,Online,Chennai,0
CUST1418,49.0,Male,601157.0,27,3064.53,93056.12,137,App,Surat,1
CUST1419,47.0,Other,1256581.0,29,2607.56,7620.33,100,Online,Jaipur,0
CUST1420,64.0,Female,1415898.0,39,4885.7,25255.73,146,Online,Surat,1
CUST1421,52.0,Other,1388360.0,39,3480.58,83756.41,9,Online,Bangalore,0
CUST1422,,Female,1766405.0,1,2002.12,13562.85,62,Online,Kolkata,0
CUST1423,,Female,173387.0,17,4040.35,79954.26,185,App,Hyderabad,1
CUST1424,30.0,Female,1030412.0,41,4446.0,95327.25,29,App,Jaipur,0
CUST1425,59.0,Male,1902844.0,30,801.06,90802.06,114,Online,Pune,0
CUST1426,47.0,Other,1284033.0,13,1162.65,173965.8,143,Online,Bangalore,1
CUST1427,36.0,Other,294129.0,21,1237.89,106482.43,120,Store,Mumbai,1
CUST1428,34.0,Female,1786892.0,19,3517.82,94128.11,170,Store,Ahmedabad,0
CUST1429,36.0,Male,1178308.0,19,3094.59,82731.14,157,Store,Kolkata,0
CUST1430,45.0,Male,1842110.0,25,3171.16,163707.05,335,App,Bangalore,0
CUST1431,43.0,Other,467875.0,22,4715.71,179116.26,349,Store,Mumbai,1
CUST1432,54.0,Male,1878794.0,31,3924.38,170795.25,260,App,Kolkata,0
CUST1433,43.0,Male,1378337.0,17,814.1,135035.77,82,App,Mumbai,1
CUST1434,40.0,Female,718926.0,23,1868.03,28334.99,242,App,Jaipur,1
CUST1435,26.0,Male,634814.0,32,2289.89,56097.12,172,App,Mumbai,0
CUST1436,,Female,1376134.0,10,2100.62,10166.55,231,Store,Kolkata,1
CUST1437,18.0,Other,,10,3412.68,186233.99,208,Online,Mumbai,0
CUST1438,18.0,Male,572955.0,36,4481.09,132498.91,75,Online,Pune,0
CUST1439,64.0,Other,1780668.0,8,1669.05,149526.21,270,Online,Bangalore,1
CUST1440,51.0,Other,1569541.0,20,2849.01,63002.78,114,Store,Kolkata,1
CUST1441,49.0,Male,1202330.0,32,3989.17,169285.05,62,Online,Pune,1
CUST1442,42.0,Male,1749908.0,14,2197.85,52661.05,362,Store,Mumbai,1
CUST1443,57.0,Other,217260.0,28,1006.97,1327.11,320,Store,Mumbai,1
CUST1444,62.0,Male,1265488.0,46,2479.76,75906.58,102,Store,Chennai,1
CUST1445,18.0,Female,406695.0,24,465.07,114581.53,362,Online,Kolkata,0
CUST1446,33.0,Female,682994.0,15,4723.44,96262.27,210,Online,Jaipur,0
CUST1447,56.0,Male,945326.0,22,559.14,172553.15,255,Online,Mumbai,0
CUST1448,22.0,Other,496130.0,30,2304.59,21975.65,20,App,Ahmedabad,1
CUST1449,,Male,1018374.0,4,2743.43,111210.86,58,Store,Surat,1
CUST1450,46.0,Male,1905548.0,13,4929.46,103082.89,112,App,Hyderabad,1
CUST1451,20.0,Other,179725.0,23,996.9,56997.2,313,Store,Surat,0
CUST1452,29.0,Other,1335574.0,8,749.27,164623.39,196,Online,Jaipur,0
CUST1453,43.0,Female,254555.0,18,241.79,150816.88,353,Store,Bangalore,1
CUST1454,33.0,Other,411486.0,12,946.74,146838.98,92,Store,Delhi,1
CUST1455,54.0,Female,945928.0,31,1194.91,175362.3,52,App,Ahmedabad,1
CUST1456,,Other,,14,3226.79,144834.14,293,Store,Delhi,1
CUST1457,46.0,Male,1038036.0,34,1254.59,47136.42,8,Online,Mumbai,0
CUST1458,31.0,Female,1883742.0,18,298.5,141406.98,300,Store,Bangalore,0
CUST1459,45.0,Female,1024631.0,34,4167.77,62232.86,98,Store,Pune,0
CUST1460,22.0,Female,715609.0,11,1954.86,49192.76,236,Store,Mumbai,1
CUST1461,64.0,Male,1975977.0,41,1897.74,15527.71,69,App,Delhi,0
CUST1462,47.0,Male,383103.0,12,1651.9,149061.69,45,Store,Mumbai,1
CUST1463,63.0,Male,1132599.0,49,4881.79,142489.19,137,Store,Hyderabad,1
CUST1464,22.0,Male,565872.0,15,1016.55,47665.4,234,App,Chennai,1
CUST1465,,Male,205147.0,31,4511.54,150126.42,32,App,Hyderabad,0
CUST1466,33.0,Female,1814260.0,49,3928.66,183650.34,289,App,Bangalore,0
CUST1467,,Male,592882.0,29,567.1,22497.76,126,App,Pune,1
CUST1468,43.0,Female,625584.0,26,4936.3,47294.69,67,Online,Hyderabad,0
CUST1469,38.0,Male,450931.0,18,1502.56,150301.9,30,Online,Kolkata,1
CUST1470,56.0,Other,394839.0,32,673.2,55626.83,114,Store,Pune,1
CUST1471,53.0,Female,606162.0,22,4180.71,125308.13,204,,Delhi,1
CUST1472,50.0,Other,696015.0,38,3592.04,17151.68,29,Store,Hyderabad,0
CUST1473,47.0,Female,1962287.0,17,3162.65,90988.29,131,Online,Chennai,0
CUST1474,54.0,Other,1293657.0,23,948.71,148079.19,185,App,Pune,1
CUST1475,40.0,Male,1583441.0,24,2496.78,137616.27,253,App,Mumbai,0
CUST1476,27.0,Male,,8,3946.67,163199.35,286,Online,Chennai,0
CUST1477,22.0,Male,1790920.0,41,1657.39,175612.97,62,Online,Mumbai,0
CUST1478,53.0,Female,1857017.0,6,1696.11,154863.52,3,Store,Hyderabad,0
CUST1479,51.0,Other,839556.0,5,215.08,134645.96,68,Store,Ahmedabad,1
CUST1480,48.0,Male,842095.0,44,1036.37,7312.78,25,,Ahmedabad,0
CUST1481,27.0,Other,910109.0,29,4401.95,107458.37,179,App,Delhi,1
CUST1482,36.0,Other,1278678.0,28,2320.38,8501.85,141,App,Chennai,1
CUST1483,49.0,Male,1147082.0,11,4924.33,161805.5,231,App,Mumbai,0
CUST1484,18.0,Male,306570.0,1,,64824.18,300,App,Jaipur,1
CUST1485,22.0,Other,1799729.0,43,3632.89,112923.45,163,Store,Chennai,1
CUST1486,62.0,Male,1885592.0,19,1553.21,56609.62,311,App,Kolkata,0
CUST1487,21.0,Male,,9,1946.29,156717.53,130,App,Delhi,1
CUST1488,33.0,Male,581116.0,27,1115.48,177414.0,246,App,Surat,1
CUST1489,41.0,Female,671608.0,34,1865.9,80329.86,297,App,Surat,0
CUST1490,33.0,Other,267235.0,44,,172721.56,172,Online,Mumbai,0
CUST1491,19.0,Other,1152403.0,4,4960.51,54147.93,64,Store,Ahmedabad,0
CUST1492,45.0,Female,1639493.0,36,3388.17,107397.52,31,Store,Pune,0
CUST1493,49.0,Other,1831641.0,18,1156.38,171893.52,47,App,Kolkata,0
CUST1494,44.0,Male,1217609.0,15,415.81,65850.39,130,Online,Surat,1
CUST1495,37.0,Other,,13,806.51,190854.41,352,Store,Mumbai,1
CUST1496,41.0,Male,816165.0,19,2900.26,25254.02,333,Store,Mumbai,0
CUST1497,,Female,841211.0,49,3872.77,4636.74,110,,Hyderabad,0
CUST1498,52.0,Male,701120.0,6,4714.01,180922.94,69,App,Ahmedabad,1
CUST1499,50.0,Other,1393085.0,48,275.95,14661.08,58,Store,Chennai,0
CUST1500,50.0,Other,1576445.0,12,2709.25,198385.95,106,Store,Pune,0
CUST1501,60.0,Other,295016.0,37,2460.16,190327.98,300,Online,Hyderabad,1
CUST1502,54.0,Female,432017.0,17,3349.06,28267.16,330,Store,Surat,1
CUST1503,29.0,Female,1763236.0,23,2885.98,107979.34,256,Store,Pune,1
CUST1504,20.0,Other,1288040.0,26,3497.79,37799.14,312,App,Delhi,0
CUST1505,18.0,Male,820739.0,29,3358.8,86202.88,171,Store,Ahmedabad,1
CUST1506,50.0,Female,1315898.0,33,761.66,13223.6,162,App,Surat,0
CUST1507,57.0,Other,1890687.0,27,4038.65,45560.99,286,Store,Mumbai,1
CUST1508,27.0,Other,895182.0,25,,73291.29,71,Store,Surat,0
CUST1509,,Female,,10,3552.95,88290.85,255,Store,Jaipur,0
CUST1510,61.0,Female,597557.0,47,2197.5,195521.76,55,Online,Bangalore,0
CUST1511,46.0,Female,948519.0,23,2666.48,161765.26,323,App,Bangalore,1
CUST1512,30.0,Male,566978.0,21,4535.83,147744.58,3,Online,Surat,1
CUST1513,29.0,Male,1183316.0,21,4471.44,107871.22,26,Store,Jaipur,1
CUST1514,48.0,Other,1019049.0,43,4125.71,168159.55,313,Online,Surat,0
CUST1515,63.0,Female,774771.0,13,2648.71,68525.24,126,App,Bangalore,1
CUST1516,19.0,Male,673886.0,37,3733.95,142070.92,53,Store,Hyderabad,1
CUST1517,52.0,Female,1732460.0,33,2661.91,198763.01,198,Online,Delhi,0
CUST1518,40.0,Other,1433203.0,24,4374.11,63611.15,299,Online,Bangalore,0
CUST1519,34.0,Male,1830403.0,44,2133.32,135129.49,188,App,Delhi,1
CUST1520,43.0,Male,692601.0,11,4857.13,169018.66,186,Online,Mumbai,1
CUST1521,25.0,Male,1920485.0,17,4675.15,183245.71,305,App,Delhi,1
CUST1522,46.0,Other,1313490.0,4,3759.69,143868.61,298,Store,Hyderabad,0
CUST1523,43.0,Female,697993.0,47,1541.2,57437.98,204,Store,Jaipur,1
CUST1524,27.0,Male,1921300.0,25,831.94,65930.15,11,Online,Delhi,0
CUST1525,43.0,Other,253892.0,30,4302.58,5130.85,359,Store,Pune,0
CUST1526,51.0,Female,1932581.0,9,993.45,152416.31,354,Store,Chennai,1
CUST1527,,Other,1462743.0,21,4300.45,9505.18,146,Online,Bangalore,1
CUST1528,24.0,Female,793942.0,20,2555.67,173065.82,85,Store,Jaipur,0
CUST1529,21.0,Other,1389444.0,19,2151.47,24613.46,100,Online,Kolkata,0
CUST1530,62.0,Female,1278649.0,19,4535.32,35203.43,104,App,Mumbai,1
CUST1531,28.0,Male,1787293.0,12,3098.48,95828.77,46,App,Chennai,1
CUST1532,46.0,Female,254195.0,37,2967.75,147838.2,44,App,Pune,1
CUST1533,53.0,Other,866987.0,42,2882.08,28661.44,278,Online,Ahmedabad,0
CUST1534,42.0,Other,1232424.0,17,1981.61,88574.14,181,,Hyderabad,0
CUST1535,38.0,Female,1082883.0,37,,97087.4,187,Store,Surat,1
CUST1536,53.0,Male,1488486.0,48,1413.43,43244.84,114,Store,Chennai,0
CUST1537,27.0,Male,1176630.0,39,,23996.12,255,Store,Jaipur,0
CUST1538,54.0,Female,218099.0,28,4491.13,167447.76,30,Store,Jaipur,1
CUST1539,26.0,Female,1627852.0,41,1819.91,100990.66,264,Store,Jaipur,0
CUST1540,41.0,Other,1162237.0,35,3701.43,3861.87,98,Online,Mumbai,1
CUST1541,52.0,Male,1267698.0,47,2951.47,160793.28,313,Online,Delhi,1
CUST1542,52.0,Female,1870023.0,48,1820.72,196177.97,329,App,Bangalore,0
CUST1543,53.0,Male,723156.0,18,4944.9,121579.31,115,App,Ahmedabad,0
CUST1544,35.0,Female,1841983.0,14,321.14,101237.97,276,App,Surat,1
CUST1545,56.0,Female,,35,1412.7,175804.76,281,App,Jaipur,0
CUST1546,49.0,Male,1467363.0,44,2696.36,190550.84,275,Online,Surat,1
CUST1547,41.0,Female,636275.0,41,2705.37,151152.85,261,Online,Kolkata,0
CUST1548,40.0,Female,448871.0,7,3026.88,89645.13,331,Online,Mumbai,0
CUST1549,49.0,Other,1307655.0,41,3808.05,118852.06,207,Store,Jaipur,0
CUST1550,54.0,Female,1002129.0,13,3192.69,140486.14,328,Store,Kolkata,1
CUST1551,29.0,Female,1214605.0,18,3081.35,39660.44,211,App,Ahmedabad,0
CUST1552,30.0,Female,1444929.0,37,456.87,89993.01,215,Store,Ahmedabad,1
CUST1553,40.0,Other,557442.0,13,2007.35,166134.43,40,Online,Bangalore,1
CUST1554,42.0,Male,1393294.0,36,1313.87,131290.34,26,App,Pune,1
CUST1555,52.0,Other,1620523.0,31,1473.78,82829.61,27,App,Bangalore,0
CUST1556,58.0,Other,1570178.0,2,2860.82,133009.14,190,Store,Delhi,1
CUST1557,47.0,Male,1046816.0,16,1157.63,24526.26,83,App,Surat,1
CUST1558,34.0,Other,1267502.0,9,1610.96,80898.02,170,Store,Hyderabad,0
CUST1559,37.0,Male,1859933.0,9,1338.01,158832.58,167,Store,Ahmedabad,1
CUST1560,42.0,Other,,38,4752.81,44881.25,188,App,Hyderabad,1
CUST1561,39.0,Male,593031.0,11,4734.4,38006.34,169,Store,Mumbai,0
CUST1562,30.0,Female,1240668.0,22,3127.72,190212.91,289,Store,Chennai,1
CUST1563,36.0,Other,1523259.0,33,4637.71,42769.63,229,Store,Jaipur,0
CUST1564,53.0,Other,,36,3971.9,52922.8,97,Store,Mumbai,1
CUST1565,29.0,Other,302889.0,45,3031.75,193953.57,16,App,Ahmedabad,1
CUST1566,58.0,Other,843221.0,23,230.89,147207.01,279,Online,Kolkata,0
CUST1567,36.0,Female,1736292.0,45,3908.08,140219.71,135,Online,Surat,1
CUST1568,29.0,Other,325006.0,45,,170732.35,26,Store,Hyderabad,1
CUST1569,26.0,Female,1969491.0,34,3153.22,24048.79,352,Store,Bangalore,1
CUST1570,24.0,Female,919727.0,9,3850.04,141485.29,12,Store,Chennai,0
CUST1571,,Female,1339906.0,24,2662.03,101234.03,72,Online,Pune,0
CUST1572,31.0,Female,1256351.0,8,3579.6,166000.98,133,Store,Mumbai,0
CUST1573,48.0,Male,1935516.0,7,4688.83,102120.2,106,,Pune,0
CUST1574,36.0,Male,1466189.0,36,2003.86,124428.03,220,,Hyderabad,0
CUST1575,64.0,Other,440998.0,18,3598.98,96070.68,177,App,Hyderabad,1
CUST1576,33.0,Male,811616.0,3,2483.3,96153.63,282,Online,Jaipur,0
CUST1577,22.0,Male,1978022.0,28,3437.12,153826.03,133,Store,Kolkata,0
CUST1578,52.0,Other,226256.0,6,3861.89,126084.71,22,Store,Kolkata,0
CUST1579,29.0,Other,,44,418.17,127019.38,269,Store,Delhi,1
CUST1580,42.0,Other,1559854.0,44,3303.68,90606.21,161,Online,Bangalore,1
CUST1581,38.0,Male,,21,1288.36,106690.79,107,Online,Ahmedabad,0
CUST1582,53.0,Male,,28,3416.16,149397.82,279,Online,Ahmedabad,1
CUST1583,40.0,Other,496874.0,40,2447.98,165362.24,353,Online,Hyderabad,1
CUST1584,33.0,Female,568267.0,1,3913.05,139615.72,235,App,Mumbai,1
CUST1585,56.0,Other,1488106.0,36,792.32,184890.52,18,Online,Surat,1
CUST1586,62.0,Female,1441210.0,21,3206.35,164244.49,242,Online,Ahmedabad,0
CUST1587,59.0,Female,1083688.0,43,1536.66,112810.89,117,,Ahmedabad,0
CUST1588,56.0,Other,183787.0,35,4294.31,134609.81,286,Store,Mumbai,1
CUST1589,31.0,Other,695909.0,13,4656.24,185335.35,282,Store,Bangalore,1
CUST1590,48.0,Other,752272.0,49,4982.71,124214.44,144,Store,Chennai,1
CUST1591,22.0,Male,1651584.0,10,4020.84,165136.58,205,App,Kolkata,1
CUST1592,52.0,Female,1637045.0,44,3817.92,138073.29,39,App,Jaipur,0
CUST1593,40.0,Male,461955.0,47,1234.4,110835.34,154,,Jaipur,1
CUST1594,46.0,Male,180447.0,10,1812.83,49125.8,176,Store,Jaipur,0
CUST1595,60.0,Other,278046.0,46,2435.28,85773.51,241,App,Mumbai,1
CUST1596,28.0,Male,889290.0,13,3912.23,193580.82,134,Store,Jaipur,0
CUST1597,35.0,Other,1715070.0,37,4591.84,131895.31,46,App,Hyderabad,1
CUST1598,64.0,Female,1167541.0,38,1107.87,113314.68,50,App,Delhi,0
CUST1599,29.0,Other,1884190.0,24,4627.36,186658.37,166,Online,Mumbai,0
CUST1600,26.0,Male,791147.0,2,3539.0,117715.84,106,Online,Mumbai,0
CUST1601,27.0,Male,338490.0,22,3131.7,105690.42,216,App,Kolkata,1
CUST1602,61.0,Other,1182038.0,17,1159.24,152102.86,146,Online,Jaipur,0
CUST1603,34.0,Other,557688.0,36,466.52,142820.46,72,,Pune,1
CUST1604,,Male,654409.0,14,2928.63,39438.84,330,App,Chennai,0
CUST1605,24.0,Female,1726335.0,10,3327.28,94790.35,273,Store,Delhi,0
CUST1606,63.0,Female,,35,1211.75,95030.57,247,Online,Mumbai,1
CUST1607,30.0,Other,1843176.0,25,2870.99,76266.68,186,Online,Delhi,0
CUST1608,,Female,666595.0,3,,103941.4,70,Online,Mumbai,1
CUST1609,59.0,Male,1949740.0,47,4208.32,83208.37,150,Store,Bangalore,1
CUST1610,26.0,Other,813689.0,38,4651.3,40669.75,246,Store,Kolkata,1
CUST1611,44.0,Male,315937.0,17,1956.25,83060.93,262,Store,Hyderabad,1
CUST1612,19.0,Male,1245426.0,12,1726.64,15383.11,26,Online,Bangalore,0
CUST1613,22.0,Female,1514940.0,24,3797.24,115581.39,140,Online,Surat,0
CUST1614,46.0,Other,393306.0,29,2269.34,170877.26,99,Online,Jaipur,1
CUST1615,54.0,Other,1292384.0,43,620.23,145332.13,278,Store,Surat,0
CUST1616,55.0,Female,1700173.0,25,1557.45,72718.41,51,Store,Chennai,0
CUST1617,36.0,Male,811757.0,36,2209.19,18327.17,151,App,Pune,1
CUST1618,25.0,Male,378981.0,26,1604.08,41227.73,104,Store,Hyderabad,0
CUST1619,62.0,Male,672220.0,38,1794.59,109552.58,89,App,Bangalore,1
CUST1620,18.0,Male,1889461.0,1,1610.12,42204.36,141,,Delhi,0
CUST1621,39.0,Other,203072.0,20,,109250.65,213,Store,Delhi,0
CUST1622,34.0,Other,1944042.0,28,3258.05,47088.21,233,Online,Chennai,1
CUST1623,24.0,Female,1806684.0,16,3067.0,169935.85,183,Online,Mumbai,0
CUST1624,42.0,Female,1676322.0,47,3336.24,80057.02,251,Online,Delhi,0
CUST1625,62.0,Other,1221860.0,17,1123.09,49864.57,9,Online,Jaipur,1
CUST1626,21.0,Other,233369.0,40,1619.14,162652.91,79,Store,Pune,0
CUST1627,53.0,Male,961554.0,28,3174.16,69224.95,52,Online,Kolkata,1
CUST1628,23.0,Male,887266.0,12,3078.21,23186.05,269,App,Jaipur,0
CUST1629,,Female,737100.0,27,2630.39,114511.49,226,Store,Pune,1
CUST1630,36.0,Other,1468719.0,42,,116731.28,51,Online,Chennai,1
CUST1631,61.0,Female,434580.0,47,4582.07,143224.44,186,Store,Jaipur,1
CUST1632,56.0,Other,1856032.0,30,1830.9,48803.67,34,App,Kolkata,1
CUST1633,44.0,Male,673156.0,41,2386.97,89310.5,291,Online,Kolkata,1
CUST1634,27.0,Female,919097.0,34,3454.95,57191.22,230,App,Ahmedabad,0
CUST1635,43.0,Female,1617071.0,37,2806.5,17109.79,131,Online,Mumbai,0
CUST1636,36.0,Other,402164.0,6,1865.05,175446.15,120,App,Chennai,1
CUST1637,56.0,Male,919605.0,7,,146045.09,326,Online,Jaipur,0
CUST1638,20.0,Female,1486921.0,32,4013.51,60991.15,247,Store,Hyderabad,1
CUST1639,62.0,Male,300787.0,32,1535.02,120275.23,192,Online,Hyderabad,0
CUST1640,30.0,Female,310381.0,25,882.83,41051.49,323,Store,Chennai,0
CUST1641,45.0,Male,1869014.0,33,1703.18,178157.09,210,Online,Jaipur,1
CUST1642,37.0,Other,599830.0,7,4277.76,23866.36,103,Online,Bangalore,1
CUST1643,45.0,Female,1727969.0,12,627.15,1763.59,329,App,Bangalore,0
CUST1644,25.0,Female,1054098.0,16,4960.14,100899.63,133,App,Mumbai,0
CUST1645,58.0,Male,1555568.0,16,2796.81,117042.44,323,App,Jaipur,1
CUST1646,56.0,Male,1987847.0,43,4927.26,116214.1,139,Online,Kolkata,0
CUST1647,18.0,Female,218920.0,36,4707.18,11847.87,121,Online,Delhi,0
CUST1648,,Other,980051.0,13,2373.51,63494.72,94,Online,Hyderabad,1
CUST1649,30.0,Male,1765685.0,7,1152.76,100340.59,129,Store,Jaipur,0
CUST1650,45.0,Male,800024.0,36,991.45,44099.26,91,Store,Jaipur,1
CUST1651,42.0,Male,1080997.0,47,1351.95,174652.55,92,,Delhi,1
CUST1652,50.0,Female,691357.0,9,3608.64,18334.75,63,App,Delhi,1
CUST1653,55.0,Female,1704235.0,32,1510.16,97989.5,29,App,Pune,0
CUST1654,23.0,Female,,11,1838.84,138591.8,210,App,Ahmedabad,0
CUST1655,61.0,Female,580267.0,8,2354.14,53088.47,12,Online,Mumbai,1
CUST1656,62.0,Other,1861672.0,33,4583.52,125223.91,333,App,Hyderabad,1
CUST1657,49.0,Other,1861646.0,23,1109.09,166047.64,297,Online,Delhi,0
CUST1658,62.0,Female,1265731.0,25,224.13,38877.06,130,Store,Bangalore,0
CUST1659,64.0,Other,1081479.0,8,488.46,183526.9,293,App,Chennai,0
CUST1660,38.0,Male,1785288.0,45,4542.88,111158.15,173,Store,Bangalore,1
CUST1661,33.0,Male,457747.0,22,3308.08,60547.17,208,App,Pune,1
CUST1662,38.0,Male,1090756.0,4,1510.59,86740.8,24,Online,Pune,0
CUST1663,28.0,Female,624013.0,40,1050.52,63126.18,99,Online,Delhi,0
CUST1664,54.0,Male,282503.0,3,1612.48,145297.12,356,Online,Pune,0
CUST1665,53.0,Other,1928539.0,29,751.03,159463.83,139,Online,Kolkata,1
CUST1666,52.0,Female,842841.0,41,4719.36,166754.54,314,App,Surat,1
CUST1667,36.0,Other,814917.0,29,3964.19,197167.88,174,Store,Jaipur,0
CUST1668,37.0,Male,1564022.0,34,2419.48,158465.57,29,Online,Jaipur,0
CUST1669,35.0,Male,1854098.0,34,4351.82,120675.43,143,App,Delhi,1
CUST1670,64.0,Male,1102246.0,28,1397.4,68504.84,316,Store,Pune,1
CUST1671,58.0,Female,169675.0,13,3642.18,109374.49,351,Online,Chennai,0
CUST1672,31.0,Other,223997.0,15,4309.44,9172.57,42,Store,Kolkata,0
CUST1673,32.0,Female,298087.0,23,1912.49,149220.19,299,Online,Mumbai,0
CUST1674,,Female,1117561.0,44,3835.83,89745.15,208,Store,Pune,1
CUST1675,18.0,Male,636799.0,26,1616.35,4984.62,330,Store,Kolkata,0
CUST1676,20.0,Female,669349.0,4,1634.51,13438.88,192,Online,Ahmedabad,1
CUST1677,33.0,Female,,26,713.87,78105.83,160,App,Mumbai,1
CUST1678,40.0,Male,290905.0,40,2312.28,117100.88,64,Store,Jaipur,0
CUST1679,28.0,Female,420040.0,9,3702.62,93376.59,243,Online,Ahmedabad,0
CUST1680,29.0,Male,1624764.0,5,4713.06,124221.66,258,Store,Delhi,1
CUST1681,27.0,Male,461877.0,32,3098.23,96578.56,152,Store,Hyderabad,0
CUST1682,49.0,Male,1974299.0,20,4343.05,132679.07,215,App,Delhi,1
CUST1683,33.0,Male,716088.0,11,4147.97,44606.09,322,Store,Chennai,0
CUST1684,25.0,Female,1294620.0,15,1032.05,23455.79,166,Store,Kolkata,0
CUST1685,55.0,Male,417491.0,32,2531.92,119690.36,31,Online,Hyderabad,0
CUST1686,29.0,Male,1912999.0,28,761.23,97453.21,232,Online,Mumbai,0
CUST1687,41.0,Female,639066.0,22,3474.34,6346.66,282,App,Mumbai,1
CUST1688,45.0,Female,808003.0,41,4759.52,76715.9,29,Store,Ahmedabad,1
CUST1689,25.0,Other,452929.0,17,858.03,22118.99,195,Store,Chennai,1
CUST1690,45.0,Female,955113.0,26,3722.64,106740.01,334,Store,Jaipur,0
CUST1691,53.0,Female,516008.0,44,3234.74,79759.76,256,App,Pune,1
CUST1692,43.0,Other,1083396.0,7,3001.3,123017.23,281,Store,Pune,1
CUST1693,25.0,Female,983731.0,42,2072.58,161314.84,304,Online,Hyderabad,1
CUST1694,45.0,Female,1215649.0,26,1904.63,60634.07,321,App,Chennai,0
CUST1695,45.0,Female,1753546.0,25,417.2,192458.32,323,Online,Chennai,1
CUST1696,54.0,Female,903158.0,10,1245.96,107591.27,346,Online,Mumbai,0
CUST1697,58.0,Other,1950830.0,45,272.85,124039.87,294,,Jaipur,0
CUST1698,53.0,Female,,19,2990.8,136453.8,87,Online,Kolkata,1
CUST1699,44.0,Female,265359.0,11,708.1,133679.57,149,Store,Jaipur,0
CUST1700,34.0,Other,1075431.0,13,4390.49,102683.18,249,App,Bangalore,1
CUST1701,26.0,Male,216707.0,8,2711.09,86324.09,321,Online,Chennai,1
CUST1702,50.0,Other,401351.0,40,3558.51,11702.61,283,Store,Delhi,1
CUST1703,37.0,Male,620670.0,4,2172.11,5395.08,362,Store,Surat,1
CUST1704,30.0,Other,1437087.0,47,2890.78,72234.28,198,Online,Chennai,1
CUST1705,45.0,Other,1434294.0,31,4724.76,67398.52,44,Store,Hyderabad,0
CUST1706,46.0,Female,1788292.0,28,597.12,78151.34,356,App,Delhi,1
CUST1707,30.0,Male,200601.0,11,,28535.27,28,Online,Hyderabad,0
CUST1708,63.0,Female,1144969.0,43,3943.94,147895.49,17,Store,Ahmedabad,1
CUST1709,52.0,Male,1594331.0,1,673.94,171535.92,127,Store,Surat,1
CUST1710,,Other,645479.0,49,563.17,187804.21,168,Online,Surat,1
CUST1711,35.0,Other,1834351.0,47,1935.4,98980.1,244,Online,Mumbai,0
CUST1712,22.0,Male,1876605.0,38,642.41,140472.27,76,Online,Chennai,0
CUST1713,64.0,Female,1662760.0,24,3008.38,171254.67,231,Online,Mumbai,0
CUST1714,42.0,Female,1612436.0,47,1286.12,84239.93,204,App,Pune,0
CUST1715,,Female,1610537.0,31,4499.35,62573.15,248,Online,Hyderabad,1
CUST1716,27.0,Female,401924.0,41,3960.8,187408.19,302,App,Bangalore,1
CUST1717,47.0,Other,,46,3558.58,103619.63,214,App,Bangalore,0
CUST1718,62.0,Other,1721970.0,26,3161.33,99953.52,215,Online,Pune,0
CUST1719,22.0,Other,399430.0,49,4344.64,36504.8,158,App,Ahmedabad,0
CUST1720,50.0,Other,1626313.0,5,,22522.85,69,Online,Bangalore,1
CUST1721,18.0,Other,1321364.0,20,4390.92,168579.27,85,Online,Hyderabad,0
CUST1722,35.0,Female,1820103.0,41,3989.56,123212.5,267,Store,Bangalore,0
CUST1723,,Female,1749792.0,11,3791.17,65839.09,69,Online,Pune,1
CUST1724,64.0,Female,430466.0,33,2894.03,39155.51,99,Store,Delhi,0
CUST1725,28.0,Female,,38,1381.97,111543.96,347,App,Mumbai,1
CUST1726,38.0,Other,1548616.0,27,,117199.94,216,Store,Kolkata,1
CUST1727,43.0,Other,1260868.0,34,4009.14,42191.73,161,,Hyderabad,1
CUST1728,42.0,Other,703343.0,15,352.54,170429.74,94,Online,Mumbai,1
CUST1729,39.0,Male,455035.0,32,3953.84,17768.61,174,App,Surat,1
CUST1730,44.0,Female,1804776.0,21,1352.34,71862.52,165,App,Jaipur,0
CUST1731,30.0,Female,1860524.0,46,892.68,136396.5,115,Online,Bangalore,0
CUST1732,50.0,Other,1551256.0,5,755.37,55549.95,220,App,Bangalore,1
CUST1733,51.0,Female,418448.0,6,330.8,165707.36,31,Online,Ahmedabad,1
CUST1734,58.0,Female,1730209.0,38,2713.22,148233.7,11,Store,Mumbai,0
CUST1735,52.0,Other,1358948.0,22,1247.65,158015.55,343,Online,Jaipur,0
CUST1736,18.0,Male,1091763.0,18,4949.27,24702.2,130,Online,Bangalore,1
CUST1737,38.0,Male,241006.0,14,2957.3,28968.88,105,App,Surat,0
CUST1738,23.0,Male,279350.0,10,861.85,58008.27,27,Store,Ahmedabad,0
CUST1739,45.0,Other,838725.0,46,3506.06,104097.36,227,Online,Mumbai,1
CUST1740,34.0,Female,955878.0,13,4509.17,149855.2,2,,Ahmedabad,0
CUST1741,22.0,Other,938768.0,31,3776.86,167469.65,359,Store,Mumbai,0
CUST1742,,Other,356487.0,30,566.91,141162.73,101,App,Chennai,0
CUST1743,22.0,Female,247852.0,3,4500.24,185790.78,21,Online,Chennai,0
CUST1744,55.0,Male,1690668.0,30,4010.86,148009.96,58,App,Pune,1
CUST1745,20.0,Male,1337169.0,6,959.86,61947.31,180,Online,Hyderabad,0
CUST1746,40.0,Other,877067.0,29,448.57,53751.18,341,Store,Ahmedabad,1
CUST1747,54.0,Male,828841.0,8,,139542.3,349,Online,Pune,0
CUST1748,54.0,Other,430618.0,44,948.97,39381.24,20,Online,Ahmedabad,1
CUST1749,27.0,Other,1376408.0,45,4206.04,19450.25,255,Store,Bangalore,1
CUST1750,27.0,Female,992150.0,43,1920.01,106912.35,317,,Kolkata,0
CUST1751,36.0,Female,1505349.0,44,4581.88,164506.67,38,Online,Ahmedabad,1
CUST1752,34.0,Female,195232.0,33,2915.3,21174.59,148,App,Bangalore,1
CUST1753,38.0,Other,498688.0,17,1076.83,158586.37,25,Online,Jaipur,1
CUST1754,31.0,Female,610385.0,48,870.07,162502.83,121,Store,Chennai,1
CUST1755,26.0,Male,933301.0,11,2967.07,96972.53,26,App,Pune,1
CUST1756,63.0,Male,462813.0,13,3857.04,12404.75,169,Store,Kolkata,0
CUST1757,18.0,Other,1407669.0,11,3951.23,35743.38,323,Store,Surat,1
CUST1758,62.0,Other,1176657.0,31,1523.64,141777.83,225,App,Chennai,1
CUST1759,30.0,Female,1529904.0,28,1180.38,142643.81,1,Store,Pune,0
CUST1760,21.0,Other,1901881.0,44,280.43,179772.7,307,Store,Kolkata,0
CUST1761,18.0,Other,1211716.0,6,3460.16,116954.54,261,Store,Surat,1
CUST1762,57.0,Male,1587188.0,41,567.53,25697.37,13,Store,Delhi,0
CUST1763,49.0,Male,1806321.0,16,2219.65,25161.57,48,Store,Bangalore,0
CUST1764,51.0,Female,688645.0,4,3088.07,144505.34,313,Store,Delhi,0
CUST1765,45.0,Other,1721951.0,35,4698.12,37573.15,291,Store,Bangalore,0
CUST1766,48.0,Other,1310248.0,48,1696.65,66348.71,332,Store,Mumbai,0
CUST1767,25.0,Male,480817.0,26,1398.91,97955.19,94,Store,Hyderabad,0
CUST1768,56.0,Other,1844537.0,12,3339.97,5928.21,261,Online,Kolkata,1
CUST1769,43.0,Male,1788497.0,11,3172.35,50514.99,278,Online,Delhi,1
CUST1770,51.0,Female,882303.0,37,1794.13,82170.03,359,Store,Hyderabad,0
CUST1771,20.0,Male,770399.0,25,4654.89,56647.63,205,Online,Kolkata,0
CUST1772,29.0,Other,1014690.0,18,4255.34,28137.7,185,App,Pune,1
CUST1773,18.0,Female,556140.0,19,1275.12,145874.44,175,Online,Mumbai,0
CUST1774,61.0,Male,1267862.0,23,1347.88,162816.38,309,Store,Pune,1
CUST1775,22.0,Male,243269.0,38,2659.04,52238.32,69,Store,Bangalore,0
CUST1776,47.0,Female,408635.0,18,3913.15,155109.48,104,Online,Hyderabad,1
CUST1777,47.0,Female,1272647.0,26,411.39,77725.16,246,Store,Kolkata,1
CUST1778,34.0,Male,1649118.0,6,3528.01,101830.47,161,App,Ahmedabad,0
CUST1779,64.0,Other,1419671.0,4,3311.53,171344.21,200,App,Hyderabad,0
CUST1780,40.0,Male,663317.0,44,1311.1,150240.78,216,Store,Jaipur,0
CUST1781,32.0,Female,1229227.0,29,3470.49,161218.25,212,App,Surat,0
CUST1782,54.0,Male,220202.0,34,4712.88,28232.19,16,App,Delhi,1
CUST1783,38.0,Female,1247353.0,17,424.57,14874.17,332,Online,Kolkata,0
CUST1784,31.0,Female,298066.0,43,1734.33,178787.54,205,App,Chennai,1
CUST1785,19.0,Other,1003695.0,43,2303.25,78179.02,39,Online,Chennai,0
CUST1786,28.0,Female,340706.0,16,4516.45,58288.06,89,Store,Surat,1
CUST1787,56.0,Female,,2,4818.85,145214.55,256,Online,Bangalore,0
CUST1788,55.0,Other,947232.0,34,2331.75,167446.7,254,,Hyderabad,0
CUST1789,51.0,Female,974255.0,8,3800.14,172635.43,216,Store,Hyderabad,1
CUST1790,55.0,Other,1962511.0,13,2751.97,63883.43,303,Store,Chennai,0
CUST1791,51.0,Other,1524598.0,42,2781.36,170590.27,172,Store,Hyderabad,0
CUST1792,35.0,Female,430852.0,8,1534.88,9145.85,137,,Surat,0
CUST1793,47.0,Female,818179.0,30,1241.39,10882.64,178,Online,Hyderabad,0
CUST1794,32.0,Male,1928841.0,32,1582.43,125080.32,77,Store,Bangalore,0
CUST1795,44.0,Other,738158.0,36,2870.37,13558.17,188,App,Delhi,1
CUST1796,51.0,Male,683571.0,47,339.94,65597.22,15,App,Jaipur,0
CUST1797,55.0,Female,1884509.0,30,4554.79,134878.44,292,Store,Delhi,1
CUST1798,50.0,Male,1015139.0,1,950.16,68116.11,319,App,Jaipur,0
CUST1799,41.0,Other,1622725.0,43,,36740.36,325,Online,Ahmedabad,0
CUST1800,32.0,Male,1728638.0,39,2687.73,56988.77,214,,Delhi,1
CUST1801,47.0,Other,1401703.0,17,3608.55,92057.49,208,Store,Surat,1
CUST1802,59.0,Female,1340631.0,20,,95601.79,169,Store,Mumbai,1
CUST1803,34.0,Female,1819332.0,24,1724.93,156817.05,330,Store,Ahmedabad,1
CUST1804,22.0,Other,954565.0,22,,150280.49,280,App,Jaipur,1
CUST1805,46.0,Female,675069.0,29,1459.25,91906.74,305,App,Jaipur,0
CUST1806,21.0,Female,264586.0,22,1702.64,169287.8,146,Online,Ahmedabad,1
CUST1807,27.0,Female,1648492.0,44,4215.19,23733.19,263,App,Jaipur,1
CUST1808,34.0,Female,439768.0,9,441.03,51815.32,4,Online,Kolkata,0
CUST1809,27.0,Other,681111.0,37,2430.14,165767.32,90,App,Mumbai,0
CUST1810,34.0,Male,692777.0,10,2022.16,76220.81,60,Online,Surat,1
CUST1811,37.0,Male,1186059.0,36,1719.62,196255.13,311,Store,Kolkata,1
CUST1812,41.0,Female,321033.0,37,1571.36,93784.4,16,App,Jaipur,1
CUST1813,22.0,Male,1711456.0,28,638.6,158595.19,227,Online,Delhi,0
CUST1814,51.0,Male,1489838.0,28,1711.16,81059.1,29,App,Kolkata,1
CUST1815,23.0,Female,1298993.0,42,406.65,85565.75,151,Store,Delhi,0
CUST1816,19.0,Female,1280392.0,43,3948.63,77193.75,245,Online,Ahmedabad,0
CUST1817,30.0,Male,1876199.0,21,2111.49,144096.05,270,App,Hyderabad,0
CUST1818,60.0,Other,425709.0,24,2330.74,109956.06,79,App,Pune,0
CUST1819,60.0,Female,1874290.0,42,4489.25,188811.84,289,Store,Jaipur,1
CUST1820,28.0,Other,324023.0,40,3358.66,50927.17,153,Store,Pune,0
CUST1821,64.0,Male,1027611.0,2,238.68,21011.98,277,Online,Mumbai,0
CUST1822,40.0,Female,697936.0,8,4727.24,79259.04,279,App,Delhi,1
CUST1823,33.0,Other,593945.0,48,1338.29,123725.83,57,App,Kolkata,0
CUST1824,,Female,1240547.0,27,716.55,172298.99,186,Store,Pune,1
CUST1825,28.0,Male,168658.0,22,3887.02,69893.18,93,Store,Bangalore,0
CUST1826,33.0,Other,171253.0,37,2602.29,131103.56,276,Online,Jaipur,1
CUST1827,25.0,Male,1655958.0,27,2282.1,70689.54,158,App,Pune,0
CUST1828,21.0,Male,329635.0,29,1397.61,123826.7,275,,Kolkata,0
CUST1829,57.0,Female,307462.0,3,2827.86,177076.78,181,Online,Kolkata,1
CUST1830,21.0,Other,1549384.0,44,1517.05,47040.17,359,Online,Mumbai,0
CUST1831,42.0,Male,1905514.0,13,4527.6,81444.09,77,Store,Chennai,0
CUST1832,20.0,Male,360097.0,45,1232.98,198659.77,151,Store,Surat,1
CUST1833,49.0,Other,778138.0,10,4444.9,173842.85,238,Online,Bangalore,0
CUST1834,20.0,Male,1100162.0,36,2885.15,113363.33,289,Online,Pune,0
CUST1835,44.0,Male,812212.0,9,4176.74,103808.89,231,App,Surat,1
CUST1836,46.0,Other,670498.0,27,3621.66,57635.48,18,Online,Bangalore,1
CUST1837,49.0,Other,1424634.0,34,3544.14,103924.68,73,Online,Chennai,1
CUST1838,36.0,Other,,1,1756.86,169788.12,189,App,Pune,1
CUST1839,38.0,Other,1008379.0,32,1322.71,137349.73,17,Online,Bangalore,1
CUST1840,22.0,Female,1783865.0,25,,58718.76,19,Store,Surat,0
CUST1841,35.0,Other,1378807.0,29,4314.52,41091.32,219,Store,Delhi,1
CUST1842,45.0,Female,272775.0,7,4138.05,53776.5,326,App,Kolkata,0
CUST1843,59.0,Female,1119211.0,49,2314.75,34782.08,120,Online,Hyderabad,1
CUST1844,39.0,Female,1756107.0,3,835.54,20032.5,101,Store,Ahmedabad,0
CUST1845,38.0,Male,827160.0,20,2034.81,84408.1,34,Store,Jaipur,0
CUST1846,23.0,Female,469972.0,20,3172.85,23546.62,84,Store,Hyderabad,1
CUST1847,18.0,Female,1460292.0,30,2381.14,35210.6,196,Store,Pune,0
CUST1848,22.0,Male,1599031.0,35,,109917.61,330,Online,Pune,0
CUST1849,,Male,418854.0,35,4988.59,33755.26,202,Online,Bangalore,1
CUST1850,29.0,Male,564600.0,49,1117.43,13712.07,344,Online,Kolkata,1
CUST1851,43.0,Other,321918.0,39,2406.32,64160.38,341,,Chennai,1
CUST1852,63.0,Male,369055.0,27,,44843.5,11,Store,Mumbai,1
CUST1853,51.0,Male,1498711.0,26,1661.56,103545.73,347,App,Bangalore,0
CUST1854,31.0,Female,884417.0,14,1150.86,21371.05,218,App,Mumbai,0
CUST1855,43.0,Male,1180697.0,17,515.32,150602.39,253,Store,Ahmedabad,0
CUST1856,62.0,Other,1598763.0,18,4458.17,181340.47,222,Store,Surat,0
CUST1857,44.0,Male,572355.0,45,2215.27,148943.6,80,App,Bangalore,0
CUST1858,26.0,Other,1021877.0,29,2585.1,107032.58,7,App,Ahmedabad,0
CUST1859,43.0,Male,1406715.0,20,4601.32,172272.9,272,Store,Jaipur,1
CUST1860,64.0,Male,230257.0,27,3926.19,139288.76,227,Store,Bangalore,0
CUST1861,,Male,1676534.0,18,,3099.67,16,,Kolkata,0
CUST1862,64.0,Male,974143.0,4,2914.02,79423.94,12,Online,Kolkata,0
CUST1863,47.0,Other,1205106.0,1,2322.81,170339.43,291,App,Pune,1
CUST1864,60.0,Other,1471836.0,1,4026.61,69825.91,241,Store,Jaipur,1
CUST1865,34.0,Female,1788658.0,26,3676.32,8007.82,21,App,Pune,1
CUST1866,43.0,Other,1067786.0,45,3513.95,149489.75,178,Online,Mumbai,1
CUST1867,53.0,Male,360545.0,20,1834.62,160605.62,228,Online,Hyderabad,0
CUST1868,18.0,Female,1855834.0,23,4063.83,32958.15,273,App,Chennai,0
CUST1869,25.0,Female,678423.0,10,451.48,107930.76,288,,Jaipur,0
CUST1870,52.0,Female,1074133.0,11,966.2,39199.13,297,Store,Surat,1
CUST1871,32.0,Male,521616.0,41,,144127.65,134,App,Chennai,0
CUST1872,64.0,Other,1676912.0,41,568.68,55038.54,283,Store,Chennai,0
CUST1873,39.0,Male,925158.0,5,1327.97,63926.81,153,Store,Delhi,0
CUST1874,31.0,Female,763375.0,1,4184.72,169149.2,66,,Bangalore,1
CUST1875,43.0,Male,1918967.0,17,4751.61,95788.15,137,Store,Surat,1
CUST1876,45.0,Male,1066383.0,22,1662.09,134281.14,92,App,Jaipur,1
CUST1877,40.0,Other,429215.0,34,1469.68,81072.24,317,Store,Pune,0
CUST1878,31.0,Other,1218650.0,45,1543.48,60303.36,259,Store,Mumbai,0
CUST1879,41.0,Female,896084.0,41,1533.05,125470.13,103,Store,Bangalore,0
CUST1880,19.0,Male,,29,372.46,31816.66,55,Store,Delhi,0
CUST1881,62.0,Male,1238477.0,4,4649.2,75226.97,257,Store,Mumbai,1
CUST1882,43.0,Other,423349.0,5,1225.75,42598.37,101,Online,Jaipur,0
CUST1883,31.0,Male,1990914.0,11,2216.02,139463.2,198,App,Hyderabad,1
CUST1884,24.0,Male,545807.0,21,246.5,188897.56,301,Online,Chennai,0
CUST1885,20.0,Male,1785851.0,35,4318.18,199106.68,226,App,Delhi,1
CUST1886,64.0,Other,1541405.0,12,3709.56,90605.09,237,App,Mumbai,0
CUST1887,40.0,Female,1571174.0,26,4744.43,51253.55,26,App,Pune,0
CUST1888,63.0,Female,1566207.0,19,3951.75,89123.04,121,App,Delhi,1
CUST1889,60.0,Male,728688.0,45,1705.79,169606.61,182,App,Mumbai,1
CUST1890,64.0,Female,1354798.0,7,1389.79,41995.13,199,Store,Delhi,0
CUST1891,62.0,Other,181852.0,47,3549.04,190467.03,302,Online,Pune,0
CUST1892,35.0,Other,1110374.0,7,1947.74,69031.29,255,Online,Pune,0
CUST1893,55.0,Female,1711588.0,26,2917.83,197174.93,122,Store,Surat,1
CUST1894,52.0,Female,527501.0,40,230.04,167883.17,31,App,Kolkata,0
CUST1895,32.0,Male,1841916.0,5,497.05,161905.54,315,Online,Chennai,1
CUST1896,42.0,Female,1255057.0,21,2769.77,64263.03,285,Store,Bangalore,0
CUST1897,54.0,Male,1986291.0,14,2917.14,2746.67,106,Store,Bangalore,0
CUST1898,45.0,Male,183691.0,4,3806.97,77044.45,224,Online,Jaipur,0
CUST1899,27.0,Other,544341.0,23,833.43,61060.06,273,Online,Ahmedabad,0
CUST1900,56.0,Other,1396713.0,42,2663.28,8442.0,232,App,Jaipur,1
CUST1901,34.0,Other,1196238.0,20,1133.35,101567.69,256,App,Ahmedabad,1
CUST1902,56.0,Other,1749034.0,15,647.34,81203.23,24,,Delhi,0
CUST1903,39.0,Female,,45,2170.38,127276.74,109,,Ahmedabad,0
CUST1904,43.0,Other,1870090.0,29,984.02,124616.08,191,Store,Kolkata,0
CUST1905,61.0,Female,1599796.0,8,1264.55,25028.58,347,App,Kolkata,1
CUST1906,42.0,Other,946184.0,41,1724.26,195416.14,25,App,Chennai,0
CUST1907,34.0,Female,1254002.0,48,1445.06,38199.35,187,Store,Mumbai,1
CUST1908,30.0,Male,389968.0,19,620.44,89609.53,288,App,Bangalore,1
CUST1909,37.0,Female,438963.0,48,631.6,98135.39,116,Store,Chennai,1
CUST1910,42.0,Female,645384.0,39,1127.6,162799.5,338,App,Kolkata,1
CUST1911,21.0,Other,1028483.0,46,442.68,20746.69,37,Online,Mumbai,0
CUST1912,27.0,Female,671121.0,28,3206.99,86300.21,282,App,Jaipur,0
CUST1913,20.0,Male,1353865.0,46,1579.17,126071.93,137,Online,Bangalore,1
CUST1914,58.0,Male,1460077.0,27,1542.78,43815.97,227,Online,Surat,0
CUST1915,62.0,Other,669165.0,4,1793.59,125866.11,320,Online,Bangalore,0
CUST1916,35.0,Male,369780.0,15,3381.42,184809.3,328,Online,Delhi,0
CUST1917,64.0,Female,1493714.0,35,4379.04,199506.11,182,Online,Hyderabad,1
CUST1918,53.0,Male,1868972.0,37,3843.62,7457.76,362,Store,Bangalore,0
CUST1919,64.0,Other,1931211.0,1,3692.14,47882.06,86,Store,Kolkata,0
CUST1920,39.0,Female,1296332.0,3,2525.08,62751.12,53,Store,Delhi,0
CUST1921,51.0,Other,592632.0,47,3530.27,80426.09,348,Online,Pune,0
CUST1922,64.0,Female,1077091.0,24,2853.26,49209.17,355,App,Ahmedabad,0
CUST1923,,Male,1177557.0,27,1238.0,41494.11,235,Store,Jaipur,0
CUST1924,57.0,Other,1294241.0,40,1201.22,190956.21,267,App,Surat,0
CUST1925,61.0,Other,1854581.0,36,1622.68,183785.8,287,App,Jaipur,0
CUST1926,36.0,Female,1360578.0,34,4571.85,10351.51,100,Online,Pune,0
CUST1927,59.0,Other,1460267.0,29,2827.59,68423.79,87,Online,Hyderabad,0
CUST1928,58.0,Female,1804699.0,24,3722.75,81624.56,15,Online,Bangalore,1
CUST1929,54.0,Female,1320808.0,24,1863.48,48563.89,101,Store,Chennai,0
CUST1930,23.0,Female,1941425.0,42,2157.04,126145.71,165,Online,Delhi,1
CUST1931,43.0,Female,1643934.0,4,802.71,128435.77,29,Store,Surat,0
CUST1932,51.0,Male,,3,1022.22,170250.34,114,Store,Pune,1
CUST1933,62.0,Female,1356123.0,34,4171.31,148432.98,107,Store,Hyderabad,1
CUST1934,23.0,Other,562104.0,49,3007.23,108972.09,364,Store,Jaipur,0
CUST1935,54.0,Male,1766596.0,23,1820.16,131063.77,130,Online,Pune,1
CUST1936,50.0,Other,1935559.0,23,4053.69,55523.77,84,Store,Surat,1
CUST1937,39.0,Male,458449.0,45,1383.3,119018.18,271,Online,Surat,1
CUST1938,38.0,Female,1899973.0,5,4884.96,98356.22,244,Online,Hyderabad,0
CUST1939,23.0,Male,683634.0,31,1855.12,27535.55,214,Store,Jaipur,1
CUST1940,23.0,Male,1985595.0,41,1819.09,49266.31,306,Online,Kolkata,1
CUST1941,21.0,Other,1211339.0,6,1697.18,59047.0,166,App,Surat,0
CUST1942,47.0,Other,340237.0,37,786.14,184937.6,279,Online,Delhi,1
CUST1943,28.0,Female,1961417.0,10,733.46,46846.94,59,Online,Delhi,1
CUST1944,47.0,Male,1006047.0,40,3310.9,58559.54,90,Store,Ahmedabad,1
CUST1945,48.0,Male,579332.0,7,4400.57,74501.47,331,Store,Jaipur,0
CUST1946,41.0,Male,795275.0,39,3994.5,133084.8,194,Online,Pune,1
CUST1947,26.0,Female,1415399.0,38,877.32,24529.44,123,Store,Delhi,0
CUST1948,20.0,Female,1289929.0,21,2818.79,190835.1,136,App,Hyderabad,1
CUST1949,48.0,Female,371373.0,20,706.84,173248.67,139,App,Pune,1
CUST1950,57.0,Female,1556368.0,3,417.41,115866.0,229,Store,Jaipur,1
CUST1951,,Female,699844.0,22,3350.65,135133.54,274,Online,Hyderabad,1
CUST1952,53.0,Other,995474.0,47,2768.73,4315.43,50,App,Bangalore,0
CUST1953,41.0,Male,1740963.0,4,593.71,68450.01,118,App,Mumbai,1
CUST1954,48.0,Male,521233.0,28,367.71,159336.39,202,Online,Delhi,0
CUST1955,23.0,Male,1374744.0,12,4950.83,16419.11,191,Store,Delhi,1
CUST1956,19.0,Male,1925922.0,38,344.1,57180.45,364,App,Ahmedabad,0
CUST1957,,Male,818590.0,36,2333.74,117474.07,323,Online,Kolkata,1
CUST1958,45.0,Male,1620801.0,47,2622.17,52026.19,181,Online,Ahmedabad,1
CUST1959,28.0,Male,1400617.0,41,762.94,186861.62,78,App,Jaipur,0
CUST1960,21.0,Male,183866.0,5,1011.5,27080.67,75,Store,Ahmedabad,0
CUST1961,32.0,Other,1303976.0,13,1888.66,159681.48,295,App,Kolkata,0
CUST1962,,Male,1537695.0,23,3856.04,102081.79,281,Online,Kolkata,0
CUST1963,47.0,Other,585071.0,30,,150315.82,21,App,Surat,1
CUST1964,55.0,Female,1542277.0,37,3261.93,62832.35,171,Store,Surat,0
CUST1965,19.0,Male,1336064.0,25,4928.84,103383.43,15,Online,Mumbai,0
CUST1966,32.0,Female,746804.0,48,3886.43,171510.23,211,Store,Hyderabad,0
CUST1967,28.0,Female,336987.0,27,2284.94,93908.74,48,App,Bangalore,1
CUST1968,25.0,Female,561274.0,14,2342.92,72584.25,86,,Kolkata,1
CUST1969,43.0,Other,583934.0,48,,107694.92,149,Store,Bangalore,1
CUST1970,62.0,Female,,47,3393.75,143755.19,188,App,Delhi,1
CUST1971,61.0,Female,1666450.0,36,2603.41,89269.11,306,Store,Chennai,0
CUST1972,22.0,Female,1669904.0,39,3295.33,187836.52,151,App,Mumbai,1
CUST1973,23.0,Male,1387715.0,16,312.96,59694.22,141,Store,Jaipur,0
CUST1974,43.0,Male,308588.0,22,2262.19,95617.26,69,Store,Pune,1
CUST1975,21.0,Other,1852159.0,21,1538.9,151628.6,260,Online,Bangalore,0
CUST1976,36.0,Other,1810833.0,21,,138135.1,334,Online,Ahmedabad,0
CUST1977,37.0,Male,1855025.0,8,677.82,172864.57,9,Store,Kolkata,0
CUST1978,50.0,Other,1404311.0,49,3095.32,199365.03,121,App,Bangalore,0
CUST1979,37.0,Male,1864423.0,16,2713.28,85944.81,101,App,Pune,0
CUST1980,29.0,Female,1460875.0,31,1417.2,23119.03,149,App,Kolkata,1
CUST1981,64.0,Female,273950.0,42,2460.56,7052.76,146,Store,Jaipur,0
CUST1982,18.0,Other,479638.0,10,2562.72,145648.5,353,Store,Chennai,0
CUST1983,43.0,Male,,32,1136.04,174928.72,243,Store,Ahmedabad,0
CUST1984,31.0,Male,1303224.0,34,3330.05,44921.8,241,Store,Bangalore,0
CUST1985,55.0,Other,188547.0,9,,32531.16,337,Online,Surat,1
CUST1986,54.0,Male,703083.0,17,3999.02,13378.81,43,Store,Mumbai,1
CUST1987,28.0,Female,336368.0,11,3091.86,164717.88,95,App,Bangalore,0
CUST1988,53.0,Other,,32,2655.87,62965.01,226,Online,Bangalore,0
CUST1989,30.0,Other,1890534.0,10,492.83,80937.68,6,App,Pune,0
CUST1990,60.0,Male,,22,1581.59,101047.29,214,,Pune,0
CUST1991,20.0,Other,1454766.0,17,647.7,168051.19,206,Online,Mumbai,1
CUST1992,50.0,Male,,4,4826.35,130515.81,67,Store,Bangalore,1
CUST1993,23.0,Male,,48,848.38,123397.86,100,Online,Hyderabad,0
CUST1994,27.0,Male,904105.0,47,928.52,35958.75,12,App,Jaipur,0
CUST1995,22.0,Male,999710.0,25,4469.97,103124.79,237,Store,Pune,0
CUST1996,40.0,Male,729365.0,21,4730.86,143360.82,322,Store,Pune,0
CUST1997,27.0,Other,262782.0,37,3875.98,194678.92,258,Online,Hyderabad,0
CUST1998,61.0,Female,1189550.0,38,225.94,41079.86,337,Online,Kolkata,1
CUST1999,19.0,Female,777220.0,49,206.46,2899.13,135,Store,Bangalore,1
CUST2000,30.0,Other,1161316.0,1,2014.88,15984.99,222,Online,Mumbai,0
CUST2001,57.0,Other,593316.0,25,888.3,75794.64,156,Store,Pune,1
CUST2002,19.0,Female,1570589.0,36,288.25,164288.38,142,Online,Mumbai,1
CUST2003,37.0,Female,1509501.0,17,2427.52,2421.27,158,App,Mumbai,1
CUST2004,18.0,Female,1384915.0,41,4726.7,91889.39,326,,Jaipur,0
CUST2005,54.0,Female,625595.0,24,1754.33,66516.89,344,App,Surat,1
CUST2006,26.0,Female,,2,3373.48,11443.86,262,Online,Pune,1
CUST2007,34.0,Male,1297272.0,40,3330.73,90597.02,283,Online,Ahmedabad,0
CUST2008,26.0,Other,1702226.0,15,1405.18,51694.99,338,Store,Kolkata,1
CUST2009,28.0,Male,200939.0,32,3322.04,71025.08,344,Online,Mumbai,0
CUST2010,32.0,Female,1910462.0,39,1219.2,141417.45,229,Online,Pune,1
CUST2011,41.0,Female,291521.0,6,785.64,104788.65,280,App,Kolkata,0
CUST2012,55.0,Female,1773154.0,1,3566.64,25804.84,358,Online,Ahmedabad,0
CUST2013,52.0,Male,1023093.0,47,,192321.49,290,Store,Pune,1
CUST2014,47.0,Male,1533674.0,23,4985.16,127546.24,168,App,Bangalore,1
CUST2015,48.0,Female,959178.0,39,1080.57,153407.82,47,Store,Mumbai,0
CUST2016,22.0,Male,1790854.0,17,3051.88,16763.42,203,Store,Ahmedabad,0
CUST2017,61.0,Male,733098.0,34,,10364.62,214,Store,Bangalore,1
CUST2018,31.0,Female,792650.0,41,806.65,4870.16,246,Store,Mumbai,1
CUST2019,28.0,Male,626513.0,29,333.65,38570.01,24,,Delhi,1
CUST2020,26.0,Other,1344871.0,9,3189.11,83467.27,321,Online,Chennai,1
CUST2021,51.0,Other,615453.0,13,4072.44,187229.4,274,Store,Hyderabad,0
CUST2022,29.0,Other,1856533.0,6,4241.68,91954.87,44,App,Mumbai,0
CUST2023,52.0,Other,871037.0,6,2517.02,58760.77,332,Store,Ahmedabad,0
CUST2024,52.0,Female,1463379.0,20,3931.79,112825.12,313,Online,Ahmedabad,1
CUST2025,18.0,Female,1285092.0,3,3429.67,23274.98,363,App,Chennai,1
CUST2026,57.0,Female,1273143.0,17,3676.42,122291.67,156,App,Pune,0
CUST2027,39.0,Other,276498.0,49,2564.48,114117.96,199,Online,Hyderabad,0
CUST2028,46.0,Other,852098.0,12,3240.38,158606.61,162,App,Kolkata,0
CUST2029,25.0,Male,1171469.0,48,4066.52,197350.83,234,Online,Mumbai,0
CUST2030,28.0,Male,614894.0,47,2109.84,50923.82,163,App,Pune,0
CUST2031,58.0,Other,1734973.0,45,4068.7,102421.63,116,App,Bangalore,0
CUST2032,54.0,Other,434154.0,1,3041.68,181864.22,93,Online,Kolkata,1
CUST2033,31.0,Other,945219.0,17,996.32,157252.79,42,Online,Hyderabad,0
CUST2034,47.0,Other,1962336.0,3,318.48,97993.85,284,App,Pune,0
CUST2035,52.0,Male,289544.0,26,1941.22,189128.96,210,App,Surat,0
CUST2036,38.0,Other,396183.0,15,2824.14,12390.1,206,Online,Kolkata,0
CUST2037,54.0,Male,828743.0,36,4231.14,186268.73,220,Online,Jaipur,0
CUST2038,22.0,Other,1522429.0,32,811.93,11050.97,280,App,Jaipur,0
CUST2039,36.0,Other,613001.0,32,4040.99,109913.64,136,App,Mumbai,0
CUST2040,31.0,Other,1967189.0,4,4342.44,178197.75,106,App,Mumbai,1
CUST2041,43.0,Male,1233094.0,18,923.3,53281.47,118,Online,Mumbai,0
CUST2042,21.0,Male,203909.0,49,,94977.45,237,App,Hyderabad,1
CUST2043,42.0,Female,874984.0,19,4958.98,65541.45,309,Store,Surat,1
CUST2044,62.0,Other,1120834.0,43,3688.83,190476.64,100,Online,Pune,1
CUST2045,59.0,Female,,35,3966.89,164905.47,261,,Bangalore,0
CUST2046,42.0,Female,689570.0,40,4973.19,142091.3,305,Online,Delhi,0
CUST2047,,Male,1676658.0,14,3106.31,117937.77,354,Store,Ahmedabad,0
CUST2048,57.0,Male,389017.0,33,1677.85,164297.77,286,Online,Bangalore,0
CUST2049,25.0,Female,564994.0,14,4220.15,79061.14,328,App,Pune,0
CUST2050,,Other,1091768.0,34,3149.53,90062.82,103,Store,Surat,0
CUST2051,57.0,Male,602891.0,4,2989.74,146270.34,63,Store,Hyderabad,0
CUST2052,31.0,Other,1990083.0,24,1417.45,72193.2,175,,Kolkata,0
CUST2053,49.0,Other,1667740.0,29,3830.4,13716.29,282,App,Bangalore,0
CUST2054,55.0,Female,1902390.0,19,592.0,15792.59,293,App,Kolkata,0
CUST2055,50.0,Female,1226941.0,6,4636.58,23957.2,226,Online,Delhi,1
CUST2056,40.0,Female,,33,1763.95,174066.58,7,Online,Pune,0
CUST2057,32.0,Female,591416.0,49,813.32,94973.06,127,Online,Surat,0
CUST2058,50.0,Male,423146.0,40,2323.36,142863.59,92,App,Pune,0
CUST2059,,Male,1474667.0,19,403.86,79188.96,190,App,Ahmedabad,1
CUST2060,34.0,Female,1408870.0,1,3486.21,52483.48,359,Online,Hyderabad,0
CUST2061,50.0,Male,,5,4532.99,70091.24,53,Store,Ahmedabad,0
CUST2062,64.0,Female,1539330.0,27,4218.86,159042.29,242,Online,Pune,1
CUST2063,19.0,Other,988574.0,16,811.37,125418.01,132,Store,Ahmedabad,0
CUST2064,31.0,Other,730595.0,6,,187590.32,364,App,Chennai,1
CUST2065,,Other,1334141.0,40,4104.49,136261.25,112,App,Pune,1
CUST2066,57.0,Female,929383.0,13,4636.42,114466.14,7,Online,Surat,1
CUST2067,56.0,Other,462229.0,48,2411.22,122429.01,230,Online,Bangalore,1
CUST2068,23.0,Male,708516.0,35,2595.06,188531.92,156,App,Surat,0
CUST2069,23.0,Other,885036.0,19,,157851.99,197,Online,Chennai,1
CUST2070,20.0,Other,1623447.0,12,4492.47,5784.21,323,App,Bangalore,1
CUST2071,24.0,Other,717760.0,16,3295.53,107293.8,364,App,Chennai,0
CUST2072,25.0,Male,985869.0,43,1583.61,137979.34,223,Store,Bangalore,0
CUST2073,59.0,Female,1116920.0,10,1634.16,149991.0,250,Online,Surat,0
CUST2074,32.0,Male,996143.0,25,4477.76,43415.28,83,App,Pune,1
CUST2075,64.0,Female,1336464.0,20,265.44,173568.29,240,Online,Mumbai,0
CUST2076,46.0,Female,227175.0,31,1749.09,191212.79,360,Store,Jaipur,1
CUST2077,50.0,Other,738595.0,4,2860.91,48106.35,323,Store,Jaipur,1
CUST2078,47.0,Female,1507453.0,44,911.44,176640.48,263,Online,Chennai,0
CUST2079,56.0,Male,1064634.0,23,642.07,20298.77,189,Online,Jaipur,0
CUST2080,44.0,Male,245028.0,2,4113.33,12085.66,290,App,Surat,0
CUST2081,53.0,Female,1708242.0,22,4493.14,26715.54,362,Store,Kolkata,0
CUST2082,46.0,Other,1340888.0,37,4153.31,12490.47,58,Store,Chennai,0
CUST2083,55.0,Other,641450.0,8,4514.18,169157.44,9,Store,Bangalore,0
CUST2084,,Male,1291069.0,7,2854.94,12750.98,304,Online,Hyderabad,1
CUST2085,54.0,Other,275149.0,14,4098.84,55061.17,115,App,Ahmedabad,1
CUST2086,,Female,903704.0,3,2043.4,21647.51,210,Online,Surat,0
CUST2087,50.0,Female,1401011.0,16,3398.09,59788.99,41,Online,Bangalore,1
CUST2088,21.0,Male,313834.0,19,4946.41,19021.33,304,Online,Kolkata,1
CUST2089,39.0,Female,420403.0,18,1283.49,133932.65,173,App,Hyderabad,1
CUST2090,19.0,Male,1379787.0,16,2071.52,27532.04,234,Online,Jaipur,1
CUST2091,27.0,Female,1065207.0,8,2504.23,170517.34,281,,Kolkata,1
CUST2092,,Male,1475569.0,33,862.47,163621.02,78,Store,Chennai,1
CUST2093,27.0,Other,1542488.0,49,588.99,3718.68,108,Store,Delhi,0
CUST2094,50.0,Female,1566828.0,12,4182.67,179249.54,281,App,Delhi,0
CUST2095,55.0,Female,467013.0,11,4888.61,6759.92,39,Online,Jaipur,0
CUST2096,30.0,Male,1063320.0,5,2142.68,48689.51,119,App,Delhi,1
CUST2097,48.0,Male,1261671.0,27,620.72,7445.44,335,Online,Delhi,0
CUST2098,64.0,Female,1316462.0,12,515.9,67832.85,336,Store,Bangalore,0
CUST2099,53.0,Male,1007342.0,17,4478.33,103259.44,27,Online,Bangalore,0
CUST2100,62.0,Female,1678502.0,6,2426.31,159532.33,104,Online,Ahmedabad,1
CUST2101,41.0,Other,435711.0,33,1736.13,68258.33,74,Online,Pune,0
CUST2102,32.0,Male,1233868.0,5,2487.01,141392.51,191,App,Jaipur,1
CUST2103,46.0,Female,1273389.0,28,1727.86,38313.39,324,Online,Delhi,0
CUST2104,25.0,Other,771424.0,14,2547.37,150369.09,147,Online,Ahmedabad,0
CUST2105,22.0,Other,725919.0,5,4325.87,47963.32,255,Online,Jaipur,0
CUST2106,46.0,Female,159885.0,33,3043.05,29565.41,284,App,Delhi,1
CUST2107,64.0,Male,1383954.0,48,3534.34,37896.36,213,App,Surat,1
CUST2108,21.0,Female,1002746.0,41,1950.42,37230.56,123,App,Mumbai,1
CUST2109,29.0,Other,1525807.0,19,3744.83,103059.71,206,Online,Surat,1
CUST2110,62.0,Female,572381.0,22,3399.76,169114.72,240,Store,Hyderabad,1
CUST2111,19.0,Male,1126433.0,5,773.9,16841.41,339,Store,Jaipur,0
CUST2112,44.0,Other,610244.0,2,2948.69,141684.31,286,Store,Pune,0
CUST2113,48.0,Female,724100.0,30,1432.37,131214.95,22,Online,Hyderabad,1
CUST2114,53.0,Male,855860.0,47,4059.66,174631.47,259,Store,Ahmedabad,1
CUST2115,53.0,Other,1670943.0,39,2244.5,49585.36,357,Store,Ahmedabad,0
CUST2116,43.0,Male,1519363.0,4,4974.48,90571.86,105,Store,Delhi,1
CUST2117,60.0,Other,194900.0,33,644.0,185239.65,258,Online,Hyderabad,0
CUST2118,44.0,Female,1634738.0,13,3945.67,132338.7,204,Store,Delhi,1
CUST2119,22.0,Male,551067.0,20,3433.77,78364.91,310,Store,Jaipur,0
CUST2120,37.0,Other,952720.0,7,3883.99,27151.06,262,Online,Ahmedabad,1
CUST2121,28.0,Male,1271268.0,15,1676.14,53234.52,107,App,Mumbai,1
CUST2122,27.0,Male,610796.0,23,2561.86,116661.88,251,Store,Ahmedabad,0
CUST2123,57.0,Female,1599160.0,14,4023.24,143915.42,221,App,Bangalore,0
CUST2124,55.0,Male,1950072.0,23,1316.2,25759.96,222,Store,Kolkata,1
CUST2125,23.0,Other,1244979.0,19,1284.96,120319.85,258,Online,Pune,1
CUST2126,25.0,Other,1814034.0,29,2845.04,110519.9,201,App,Hyderabad,0
CUST2127,40.0,Other,945600.0,20,2713.11,103277.13,258,App,Delhi,1
CUST2128,64.0,Other,1154001.0,29,1554.86,138334.5,349,App,Kolkata,0
CUST2129,43.0,Female,462023.0,24,1630.76,167652.47,225,App,Kolkata,0
CUST2130,63.0,Male,1258447.0,18,1533.66,65274.95,202,Store,Surat,1
CUST2131,60.0,Female,1179127.0,10,3903.26,177913.43,226,Store,Chennai,0
CUST2132,29.0,Male,1681180.0,41,3329.12,32966.09,236,App,Surat,0
CUST2133,43.0,Male,641862.0,8,4195.6,35431.75,183,Store,Surat,1
CUST2134,30.0,Male,1230750.0,26,4882.27,54087.64,200,App,Pune,0
CUST2135,57.0,Female,905111.0,29,2475.99,24786.64,357,App,Bangalore,0
CUST2136,35.0,Male,373563.0,10,520.13,46833.53,246,Online,Ahmedabad,0
CUST2137,42.0,Female,287653.0,17,430.84,22175.94,353,App,Surat,0
CUST2138,50.0,Other,260155.0,2,1619.19,164528.73,111,Store,Jaipur,1
CUST2139,64.0,Other,483997.0,6,4676.21,28654.83,6,App,Ahmedabad,0
CUST2140,57.0,Male,1510398.0,5,2711.42,149712.21,236,Online,Bangalore,1
CUST2141,60.0,Female,1700184.0,28,1504.58,10534.86,127,Store,Delhi,0
CUST2142,29.0,Other,1326371.0,41,2116.0,189755.55,104,Online,Chennai,1
CUST2143,61.0,Female,238668.0,5,3073.26,142520.86,237,Online,Ahmedabad,0
CUST2144,53.0,Female,887685.0,18,3334.16,2352.51,155,,Hyderabad,1
CUST2145,21.0,Male,819927.0,26,938.81,153007.44,257,Online,Pune,0
CUST2146,22.0,Other,1672196.0,20,4889.75,103302.3,235,Online,Kolkata,0
CUST2147,54.0,Male,1962005.0,41,2814.91,156093.67,289,Store,Delhi,0
CUST2148,25.0,Male,1818883.0,49,851.3,104976.86,40,Online,Bangalore,0
CUST2149,59.0,Other,1129448.0,27,4489.45,128563.95,288,App,Surat,1
CUST2150,45.0,Other,703091.0,49,558.26,157480.0,197,App,Jaipur,1
CUST2151,48.0,Female,823590.0,12,4557.13,81616.5,273,App,Jaipur,0
CUST2152,26.0,Other,823222.0,7,4983.52,1538.92,264,Online,Chennai,1
CUST2153,46.0,Female,1635147.0,3,3562.07,170139.35,57,Store,Bangalore,0
CUST2154,31.0,Female,1098763.0,10,3898.15,76797.18,298,App,Delhi,0
CUST2155,57.0,Female,1428723.0,34,1819.05,99712.5,98,Online,Hyderabad,1
CUST2156,58.0,Other,1154949.0,25,4719.57,2545.56,137,App,Kolkata,1
CUST2157,39.0,Male,,35,2742.63,98926.31,87,App,Surat,1
CUST2158,28.0,Female,1706396.0,16,3715.46,197310.99,242,Store,Pune,0
CUST2159,40.0,Male,420914.0,2,4635.72,56375.26,199,App,Mumbai,0
CUST2160,18.0,Male,1733957.0,24,4880.86,79688.24,310,Store,Mumbai,1
CUST2161,63.0,Other,,10,4199.38,137750.81,84,Online,Surat,0
CUST2162,54.0,Male,512455.0,38,1654.48,163143.94,242,App,Delhi,1
CUST2163,38.0,Male,,22,4839.43,84060.93,281,Online,Surat,1
CUST2164,43.0,Other,1184586.0,26,3214.97,62624.11,323,Online,Bangalore,1
CUST2165,63.0,Female,1996198.0,43,4667.08,187627.33,252,Online,Mumbai,1
CUST2166,53.0,Male,1896688.0,39,3445.3,135751.85,190,App,Chennai,1
CUST2167,40.0,Other,1886263.0,27,1674.75,24685.24,152,,Bangalore,1
CUST2168,18.0,Male,1502790.0,29,1976.12,14716.65,302,App,Mumbai,0
CUST2169,57.0,Male,1153429.0,47,2842.26,97226.42,278,Online,Hyderabad,0
CUST2170,32.0,Female,714485.0,38,3992.07,44797.92,139,Store,Kolkata,1
CUST2171,38.0,Male,1725125.0,20,1726.32,51542.97,176,Online,Jaipur,1
CUST2172,64.0,Other,307584.0,27,2982.71,175660.74,8,Store,Bangalore,1
CUST2173,,Male,1074220.0,41,1859.0,18823.64,295,App,Jaipur,0
CUST2174,26.0,Female,1547515.0,20,4115.69,143357.46,235,Store,Jaipur,1
CUST2175,27.0,Female,441077.0,44,2440.29,54957.31,163,App,Mumbai,1
CUST2176,43.0,Other,1174729.0,19,568.27,152305.32,49,Online,Bangalore,1
CUST2177,58.0,Female,809738.0,20,997.05,144759.87,302,Store,Kolkata,0
CUST2178,52.0,Male,1763447.0,35,493.3,2470.99,38,Online,Hyderabad,1
CUST2179,42.0,Female,524226.0,47,2596.65,102317.95,136,Store,Ahmedabad,0
CUST2180,43.0,Other,1882969.0,2,710.42,28724.58,310,App,Chennai,0
CUST2181,28.0,Female,1615792.0,30,747.87,173379.18,219,Store,Jaipur,1
CUST2182,55.0,Female,1309608.0,34,4717.03,174445.59,348,Store,Kolkata,0
CUST2183,19.0,Female,1405516.0,22,4388.74,84250.82,296,App,Pune,0
CUST2184,24.0,Other,1503324.0,3,2370.02,89434.73,34,App,Pune,0
CUST2185,35.0,Female,611552.0,6,4931.87,61353.3,352,App,Ahmedabad,1
CUST2186,44.0,Female,1425303.0,15,200.9,143604.65,79,Store,Ahmedabad,0
CUST2187,51.0,Male,223869.0,27,3147.1,72373.61,236,Online,Ahmedabad,1
CUST2188,44.0,Other,1990418.0,10,3158.86,54290.7,273,Store,Chennai,1
CUST2189,34.0,Female,1019807.0,9,2395.73,87013.98,161,Store,Chennai,1
CUST2190,60.0,Other,1909980.0,33,2105.35,19206.02,175,Online,Hyderabad,0
CUST2191,61.0,Female,868675.0,32,2385.84,149574.04,308,App,Jaipur,1
CUST2192,41.0,Female,352416.0,48,2191.81,3506.68,221,Store,Delhi,0
CUST2193,,Female,1809580.0,6,3706.36,129252.53,9,Online,Pune,0
CUST2194,24.0,Male,728533.0,41,849.71,37390.04,289,App,Mumbai,0
CUST2195,23.0,Male,717344.0,36,1148.67,47248.41,113,App,Mumbai,0
CUST2196,41.0,Male,1609501.0,2,1066.49,127490.77,205,Store,Ahmedabad,1
CUST2197,50.0,Other,925024.0,29,1459.86,198595.75,186,App,Surat,1
CUST2198,46.0,Other,,4,,155765.78,341,App,Pune,0
CUST2199,60.0,Male,1478263.0,1,733.8,45942.09,197,,Delhi,1
CUST1175,45.0,Other,1059711.0,12,3543.81,75051.92,236,App,Kolkata,0
CUST1131,64.0,Male,1065387.0,32,2189.68,185682.3,358,Online,Kolkata,1
CUST1979,37.0,Male,1864423.0,16,2713.28,85944.81,101,App,Pune,0
CUST2187,51.0,Male,223869.0,27,3147.1,72373.61,236,Online,Ahmedabad,1
CUST1563,36.0,Other,1523259.0,33,4637.71,42769.63,229,Store,Jaipur,0
CUST1678,40.0,Male,290905.0,40,2312.28,117100.88,64,Store,Jaipur,0
CUST2009,28.0,Male,200939.0,32,3322.04,71025.08,344,Online,Mumbai,0
CUST1246,58.0,Male,,13,2245.14,63899.46,215,,Delhi,1
CUST1143,43.0,Male,1758126.0,36,3989.27,197719.46,123,App,Jaipur,0
CUST1497,,Female,841211.0,49,3872.77,4636.74,110,,Hyderabad,0
CUST1952,53.0,Other,995474.0,47,2768.73,4315.43,50,App,Bangalore,0
CUST1749,27.0,Other,1376408.0,45,4206.04,19450.25,255,Store,Bangalore,1
CUST1236,20.0,Male,412307.0,44,4660.58,7155.25,225,,Ahmedabad,1
CUST1140,26.0,Female,401537.0,11,3755.01,130941.61,164,Online,Surat,0
CUST1973,23.0,Male,1387715.0,16,312.96,59694.22,141,Store,Jaipur,0
CUST1804,22.0,Other,954565.0,22,,150280.49,280,App,Jaipur,1
CUST1251,57.0,Male,1498207.0,17,3840.81,51893.0,164,Online,Ahmedabad,1
CUST1975,21.0,Other,1852159.0,21,1538.9,151628.6,260,Online,Bangalore,0
CUST1487,21.0,Male,,9,1946.29,156717.53,130,App,Delhi,1
CUST2023,52.0,Other,871037.0,6,2517.02,58760.77,332,Store,Ahmedabad,0
CUST2146,22.0,Other,1672196.0,20,4889.75,103302.3,235,Online,Kolkata,0
CUST2107,64.0,Male,1383954.0,48,3534.34,37896.36,213,App,Surat,1
CUST1265,18.0,Other,153191.0,37,2799.9,143265.01,67,App,Surat,0
CUST1493,49.0,Other,1831641.0,18,1156.38,171893.52,47,App,Kolkata,0
CUST1986,54.0,Male,703083.0,17,3999.02,13378.81,43,Store,Mumbai,1
CUST1357,20.0,Other,1757828.0,30,,2022.79,109,Store,Pune,1
CUST1695,45.0,Female,1753546.0,25,417.2,192458.32,323,Online,Chennai,1
CUST1811,37.0,Male,1186059.0,36,1719.62,196255.13,311,Store,Kolkata,1
CUST1411,61.0,Other,991965.0,31,3572.67,182391.43,32,App,Chennai,0
CUST1453,43.0,Female,254555.0,18,241.79,150816.88,353,Store,Bangalore,1
CUST2048,57.0,Male,389017.0,33,1677.85,164297.77,286,Online,Bangalore,0
CUST1568,29.0,Other,325006.0,45,,170732.35,26,Store,Hyderabad,1
CUST1405,23.0,Female,833404.0,38,4202.2,126296.04,270,App,Mumbai,1
CUST2098,64.0,Female,1316462.0,12,515.9,67832.85,336,Store,Bangalore,0
CUST1294,19.0,Other,704399.0,38,3342.6,83836.29,301,App,Surat,0
CUST1666,52.0,Female,842841.0,41,4719.36,166754.54,314,App,Surat,1
CUST1917,64.0,Female,1493714.0,35,4379.04,199506.11,182,Online,Hyderabad,1
CUST1849,,Male,418854.0,35,4988.59,33755.26,202,Online,Bangalore,1
CUST2172,64.0,Other,307584.0,27,2982.71,175660.74,8,Store,Bangalore,1
CUST1010,28.0,Female,1700219.0,9,3211.94,20620.25,39,Online,Hyderabad,1
CUST1317,62.0,Male,,17,3733.9,30298.19,178,App,Surat,1
CUST1153,56.0,Male,1500642.0,1,768.39,42348.9,51,Online,Jaipur,1
CUST1778,34.0,Male,1649118.0,6,3528.01,101830.47,161,App,Ahmedabad,0
CUST1999,19.0,Female,777220.0,49,206.46,2899.13,135,Store,Bangalore,1
CUST1555,52.0,Other,1620523.0,31,1473.78,82829.61,27,App,Bangalore,0
CUST1102,28.0,Male,1655532.0,17,4167.14,95412.54,189,App,Ahmedabad,0
CUST1332,34.0,Male,571486.0,32,2941.58,128672.14,276,Store,Pune,1
CUST1802,59.0,Female,1340631.0,20,,95601.79,169,Store,Mumbai,1
CUST2003,37.0,Female,1509501.0,17,2427.52,2421.27,158,App,Mumbai,1
CUST1012,53.0,Male,320963.0,37,4694.08,51597.99,297,Online,Surat,1
